INSERT INTO ROLE VALUES
(0, 'Customer'),
(1, 'Employee'),
(2, 'Manager');

INSERT INTO STORE VALUES (NULL, 'Mega Bytes','586 Corry Trail,Jacksonville,Florida,32255'),
(NULL, 'Deez Bytes', '56 Truax Alley,Roanoke,Virginia,24048'),
(NULL, 'Giga Bytes', '391 Rusk Center,Kalamazoo,Michigan,49048'),
(NULL, 'Kilo Bytes', '8275 Scott Way,Fort Pierce,Florida,34949'),
(NULL, 'Peta Bytes', '1875 Sunfield Park,New Haven,Connecticut,06538'),
(NULL, 'Zeta Bytes', '40327 Marcy Crossing,Olympia,Washington,98516'),
(NULL, 'Terra Bytes', '1447 Lawn Court,Winston Salem,North Carolina,27150');

INSERT INTO APP_USER(User_ID, Name, Username, Password, Phone, Address, Role_ID) VALUES
(NULL, 'Peter Sullivan', 'psullivan', 'LhhkyEZigIT', '4066410484', '77 Dahle Road,Bozeman,Montana,59771', 0),
(NULL, 'Heather White', 'hwhite', 'hwhite', '4042276915', '82 Hermina Avenue,Atlanta,Georgia,30392', 0),
(NULL, 'Carl Fox','cfox', 'cfox', '8082543085', '03916 Corben Street,Honolulu,Hawaii,96840', 1),
(NULL, 'Jerry Kennedy', 'jkennedy', '9zEgSAT', '9176884300', '96 Talisman Drive,New York City,New York,10155', 0),
(NULL, 'Brandon Harper','bharper', 'FnoSr6JLFP', '7143314786', '2248 Morrow Street,Garden Grove,California,92645', 1),
(NULL, 'Kathleen Johnson','kjohnson', 'zVMmT2diq', '9176511325', '762 Almo Alley,New York City,New York,10039', 2),
(NULL, 'Chris Cruz','ccruz', '9uWEQEzP', '3029577899', '446 Loftsgordon Terrace,Wilmington,Delaware,19886', 0),
(NULL, 'Mr Manager', 'manager', 'manage', '1234567890', '799 Monument Parkway,Rochester,New York,14623', 2);

INSERT INTO CUSTOMER VALUES
(1, 2),
(2, 4),
(4, 7),
(7, 5);

INSERT INTO EMPLOYEE(User_ID, Salary, work_store_id) VALUES
(3, 7.25, 1),
(5, 8.75, 4),
(6, 17.75, 2),
(8, 25, 3);

INSERT INTO PRODUCT(Product_ID, Name, Price) VALUES
('00036632035769', 'Dannon Activia Peach And Strawberry Lowfat Yogurt - 12 Ct', 7.29),
('00077782008135', 'Johnsonville Italian Sausage Hot', 6.99),
('00038000596582', 'Kellogg''s Cereal Frosted Flakes', 2.33),
('00021000028238', 'Kraft Macaroni & Cheese Dinner Spongebob Shapes', 2.50),
('00028400164948', 'Lay''s Wavy Potato Chips', 1.00),
('00021131501013', 'Marie Callender''s Chicken Pot Pie', 2.00),
('00072945601338', 'Sara Lee Bread White', 4.45);

INSERT INTO INVENTORY(Product_ID, Store_ID, qty, Aisle) VALUES
('00036632035769', 2, 19, 10),
('00077782008135', 5, 23, 10),
('00038000596582', 7, 6, 3),
('00021000028238', 1, 7, 3),
('00028400164948', 4, 27, 2),
('00021131501013', 7, 35, 11),
('00072945601338', 3, 3, 1);

INSERT INTO GROCERY_ORDER(Order_ID, Order_Time, Store_ID, User_ID) VALUES
(NULL, '2016-04-26 16:48:18', 4, 1),
(NULL, '2016-04-27 05:47:29', 3, 2),
(NULL, '2016-11-29 18:58:53', 3, 4),
(NULL, '2016-04-27 00:26:37', 6, 7),
(NULL, '2016-11-29 04:23:17', 7, 2),
(NULL, '2016-10-10 07:56:09', 1, 2),
(NULL, '2016-12-17 17:08:09', 5, 1);

INSERT INTO ORDER_PRODUCT(Order_ID, Product_ID, qty) VALUES
(1, '00036632035769', 2),
(2, '00077782008135', 2),
(3, '00038000596582', 1),
(4, '00021000028238', 1),
(5, '00028400164948', 1),
(6, '00021131501013', 4),
(7, '00072945601338', 1);


INSERT INTO SHOPPING_CART(Customer_ID, Product_ID, qty) VALUES
(1, '00021131501013', 1),
(4, '00028400164948', 2),
(4, '00072945601338', 1),
(7, '00038000596582', 1),
(7, '00028400164948', 1),
(1, '00072945601338', 3);


insert into Product (product_id, name, price) values ('23728487557003', 'Riceland American Jazmine Rice', '44.87');
insert into Product (product_id, name, price) values ('80259157037968', 'Caress Velvet Bliss Ultra Silkening Beauty Bar - 6 Ct', '1.40');
insert into Product (product_id, name, price) values ('16847538966929', 'Earth''s Best Organic Fruit Yogurt Smoothie Mixed Berry', '13.62');
insert into Product (product_id, name, price) values ('26032983695880', 'Boar''s Head Sliced White American Cheese - 120 Ct', '9.58');
insert into Product (product_id, name, price) values ('43512698870949', 'Back To Nature Gluten Free White Cheddar Rice Thin Crackers', '40.69');
insert into Product (product_id, name, price) values ('64465385447085', 'Sally Hansen Nail Color Magnetic 903 Silver Elements', '8.79');
insert into Product (product_id, name, price) values ('48503762729149', 'Twinings Of London Classics Lady Grey Tea - 20 Ct', '44.37');
insert into Product (product_id, name, price) values ('70068371041561', 'Lea & Perrins Marinade In-a-bag Cracked Peppercorn', '35.17');
insert into Product (product_id, name, price) values ('04657337009608', 'Van De Kamp''s Fillets Beer Battered - 10 Ct', '35.92');
insert into Product (product_id, name, price) values ('79624998542241', 'Ahold Cocoa Almonds', '10.61');
insert into Product (product_id, name, price) values ('00669940784164', 'Honest Tea Peach White Tea', '13.91');
insert into Product (product_id, name, price) values ('07965800853102', 'Mueller Sport Care Basic Support Level Medium Elastic Knee Support', '37.81');
insert into Product (product_id, name, price) values ('63257497029589', 'Garnier Nutritioniste Moisture Rescue Fresh Cleansing Foam', '36.79');
insert into Product (product_id, name, price) values ('27659949341720', 'Pamprin Maximum Strength Multi-symptom Menstrual Pain Relief', '7.55');
insert into Product (product_id, name, price) values ('86430935739404', 'Suave Naturals Moisturizing Body Wash Creamy Tropical Coconut', '10.74');
insert into Product (product_id, name, price) values ('95210536412740', 'Burt''s Bees Daily Moisturizing Cream Sensitive', '37.04');
insert into Product (product_id, name, price) values ('85271139090608', 'Ducal Refried Red Beans', '48.56');
insert into Product (product_id, name, price) values ('57432862603688', 'Scotch Removable Clear Mounting Squares - 35 Ct', '52.61');
insert into Product (product_id, name, price) values ('06529739972533', 'Careone Family Comb Set - 8 Ct', '18.10');
insert into Product (product_id, name, price) values ('72368191816724', 'Plums Black', '25.14');
insert into Product (product_id, name, price) values ('92525737466243', 'Doctor''s Best Best Curcumin C3 Complex 1000mg Tablets - 120 Ct', '46.21');
insert into Product (product_id, name, price) values ('90274471819677', 'Betty Crocker Twin Pack Real Potatoes Scalloped 2 Pouches For 2 Meals - 2 Pk', '57.56');
insert into Product (product_id, name, price) values ('91918328448615', 'Reese Mandarin Oranges Segments In Light Syrup', '57.39');
insert into Product (product_id, name, price) values ('49169633974735', 'Smart Living Charcoal Lighter Fluid', '14.43');
insert into Product (product_id, name, price) values ('90923326117838', 'Hood Latte Iced Coffee Drink Vanilla Latte', '17.76');
insert into Product (product_id, name, price) values ('79038709365519', 'Triaminic Syrup Night Time Cold & Cough Grape 4oz', '12.33');
insert into Product (product_id, name, price) values ('28945682698385', 'Morton Kosher Salt Coarse', '59.98');
insert into Product (product_id, name, price) values ('12410094737555', 'Guava', '41.40');
insert into Product (product_id, name, price) values ('09891879150334', 'Heinz Tomato Ketchup - 2 Ct', '13.05');
insert into Product (product_id, name, price) values ('02719636336018', 'Petmate Booda Bones Steak, Bacon & Chicken Flavors - 9 Ct', '31.70');
insert into Product (product_id, name, price) values ('59353562310025', 'Zhena''s Gypsy Tea Herbal Red Tea Sachets Fire Light Chai - 22 Ct', '52.58');
insert into Product (product_id, name, price) values ('65514733379202', 'Barefoot Pinot Grigio  187', '58.77');
insert into Product (product_id, name, price) values ('50029272201990', 'Tomy The First Years Gumdrop Orthodontic Pacifiers 6m+ - 2ct', '57.18');
insert into Product (product_id, name, price) values ('14921474647191', 'Halls Menthol Cough Suppresant/oral Anesthetic Drops Honey-lemon - 30 Ct', '15.43');
insert into Product (product_id, name, price) values ('11723603099926', 'Nature''s Way Forskohlii - 60 Ct', '27.75');
insert into Product (product_id, name, price) values ('28425603300868', 'Rice Bran Gluten Free Dinner Rolls Plain', '45.42');
insert into Product (product_id, name, price) values ('37971944181066', 'Nakano Seasoned Rice Vinegar Original', '39.30');
insert into Product (product_id, name, price) values ('09498100940380', 'Sundown Naturals Essential Electrolytes Tropical Punch, Watermelon And Fruit Punch Gummies - 60 Ct', '11.38');
insert into Product (product_id, name, price) values ('57264773512345', 'Munchies Sandwich Crackers Cheddar Cheese On Golden Toast Crackers - 8 Pk', '2.50');
insert into Product (product_id, name, price) values ('98689976574058', 'Amy''s Light & Lean Spaghetti Italiano', '22.37');
insert into Product (product_id, name, price) values ('99242101316084', 'P.f. Chang''s Home Menu Meal For Two Beef With Broccoli', '30.08');
insert into Product (product_id, name, price) values ('96557973103796', 'Mom''s Best Naturals Cereal Toasted Cinnamon Squares', '48.65');
insert into Product (product_id, name, price) values ('43108380615164', 'Ferrara Vanilla Syrup', '41.44');
insert into Product (product_id, name, price) values ('90143471805336', 'Elmer''s Board Mate Dual Tip Glue Pen', '32.40');
insert into Product (product_id, name, price) values ('42538135481959', 'Kellogg''s Disney Pixar Cars 2 Cereal', '55.99');
insert into Product (product_id, name, price) values ('11303858962092', 'Pizza Sauce', '49.79');
insert into Product (product_id, name, price) values ('23045616376417', 'Bear Naked Fit Almond Crisp 100% Natural Energy Cereal', '48.57');
insert into Product (product_id, name, price) values ('87296275711507', 'Dove Men + Care Antiperspirant Deodorant Cool Silver', '28.97');
insert into Product (product_id, name, price) values ('78516680495666', 'Easy-off Oven Cleaner Lemon Scent', '38.15');
insert into Product (product_id, name, price) values ('06176991958785', 'Choice Organic Teas Black Tea Classic Black - 16 Ct', '30.57');
insert into Product (product_id, name, price) values ('34458197701794', 'Careone Lubricating Jelly', '18.24');
insert into Product (product_id, name, price) values ('70736897224331', 'Sacla Italia Sun Dried Pesto Sauce', '39.65');
insert into Product (product_id, name, price) values ('05489646315633', 'Huggies Natural Care Wipes - 3 Pk', '30.15');
insert into Product (product_id, name, price) values ('19403951695086', 'Serpis Green Olives Stuffed With Spicy Chorizo', '9.75');
insert into Product (product_id, name, price) values ('99317905576924', 'Ripken Power Shred Beef Jerky Teriyaki', '27.64');
insert into Product (product_id, name, price) values ('13223399672688', 'Arnold Bread Jewish Rye Everything', '41.61');
insert into Product (product_id, name, price) values ('05869446897265', 'Traditional Medicinals Herbal Tea Bags Just For Kids Organic Nighty Night - 18 Ct', '58.63');
insert into Product (product_id, name, price) values ('60202039805582', 'Perry''s Ice Cream Panda Paws', '48.18');
insert into Product (product_id, name, price) values ('57904051876545', 'Black Swan Shiraz Merlot 1.5', '43.35');
insert into Product (product_id, name, price) values ('51183244334974', 'Maty''s All Natural Kids 1+ Caramel Banana Taste Cough Syrup', '6.14');
insert into Product (product_id, name, price) values ('99980813931515', 'Kraft Anything Dressing Honey Mustard', '25.99');
insert into Product (product_id, name, price) values ('17153148573086', 'Eight O''clock Coffee Dark Italian Roast Ground', '41.03');
insert into Product (product_id, name, price) values ('63971085297384', 'Ahold  Honey Mustard', '31.04');
insert into Product (product_id, name, price) values ('16281675320880', 'Enzymatic Therapy  Acidophilus Pearls Active Cultures Dietary Supplement - 30 Ct', '27.70');
insert into Product (product_id, name, price) values ('14621527057399', 'Ahold Complete Buttermilk Pancake & Waffle Mix', '4.99');
insert into Product (product_id, name, price) values ('74927433912794', 'Salsa Habanero', '22.75');
insert into Product (product_id, name, price) values ('00334444675864', 'Say-it Sandwich & Snack Bags- 60 Pk', '46.12');
insert into Product (product_id, name, price) values ('68022790805414', 'Hillshire Farm Deli Select Smoked Ham With Water Added Ultra Thin', '22.76');
insert into Product (product_id, name, price) values ('73358023505898', 'Nestle Coffee-mate Fat Free Hazelnut Flavor Coffee Creamer', '0.12');
insert into Product (product_id, name, price) values ('42496593799169', 'Careone Cotton Swabs', '31.16');
insert into Product (product_id, name, price) values ('79488035461644', '1-day Vaginal Antifungal Prefilled Applicator 1-dose Treatment', '5.54');
insert into Product (product_id, name, price) values ('20954169027171', 'Preparation H Hemorrhoidal Ointment', '55.07');
insert into Product (product_id, name, price) values ('79373797298041', 'Roth Kase Mini Cheeseboard Kit Havarti, Gruyere & Pepper Jack - 3 Ct', '54.42');
insert into Product (product_id, name, price) values ('36569400536895', 'Firm Grip Disposable Nitrile Gloves - 10 Gloves', '39.52');
insert into Product (product_id, name, price) values ('05513860398914', 'Downy Ultra Infusions Orchid Allure Fabric Softener - 48 Loads', '20.09');
insert into Product (product_id, name, price) values ('30298992519465', 'Hostess Mini Muffins Chocolate Chip - 20 Ct', '34.77');
insert into Product (product_id, name, price) values ('59927170281432', 'Gerber Graduates For Toddlers Lil'' Meals Pasta Shells & Cheese', '48.61');
insert into Product (product_id, name, price) values ('01803698915973', 'Powerbar Protein Plus High Protein Bar Vanilla Yogurt', '0.35');
insert into Product (product_id, name, price) values ('26285705734347', 'Every Man Jack Shave Cream', '42.05');
insert into Product (product_id, name, price) values ('37852678959573', 'Ahold Premium Paper Towels Giant Rolls - 8 Ct', '24.34');
insert into Product (product_id, name, price) values ('19259749642000', 'Piacci Parmesan Nuggets', '20.23');
insert into Product (product_id, name, price) values ('60879556112801', 'Organix Smoothing Shea Butter Conditioner', '23.71');
insert into Product (product_id, name, price) values ('01945877482332', 'Dr. Scholl''s For Her Rub Relief Strips', '37.30');
insert into Product (product_id, name, price) values ('87751474296762', 'Guida''s Whole Milk', '7.35');
insert into Product (product_id, name, price) values ('37274738561607', 'Hime Wasabi Powdered Sushi', '36.02');
insert into Product (product_id, name, price) values ('85167803901482', 'Boneless Pork Shoulder Roast', '25.97');
insert into Product (product_id, name, price) values ('64744087373858', 'Boneless Pork Shoulder Roast', '12.80');
insert into Product (product_id, name, price) values ('95709032518205', 'Ahold Simply Enjoy Gourmet Spread Smoky Fig & Roasted Garlic', '51.09');
insert into Product (product_id, name, price) values ('88848282909116', 'Cuisinart Citrus Juicer Pulp Control', '0.06');
insert into Product (product_id, name, price) values ('37885900423264', 'Velveeta Cheese', '5.63');
insert into Product (product_id, name, price) values ('05345817298429', 'Lotrimin Ultra Antifungal Athlete''s Foot Cream', '34.59');
insert into Product (product_id, name, price) values ('02485032349680', 'Pasta Lensi Gigli #253', '15.88');
insert into Product (product_id, name, price) values ('76087344822870', 'Cherrybrook Kitchen D.w. Sugar Cookie Mix', '23.24');
insert into Product (product_id, name, price) values ('75140173749651', 'Herb Pharm Black Elderberry Herbal Glycerite Extract', '1.52');
insert into Product (product_id, name, price) values ('52337635580745', 'Gold Bond Medicated Cornstarch Plus Baby Powder', '35.21');
insert into Product (product_id, name, price) values ('02077945435357', 'General Mills Sweet ''n Salty Honey Nut Chex Mix', '58.12');
insert into Product (product_id, name, price) values ('32411030924891', 'Udi''s Soft N'' Chewy Granola Bars Chocolate Chip - 5 Ct', '30.74');
insert into Product (product_id, name, price) values ('22354877096961', 'Smoked Pork Hocks - 4 Ct', '39.89');
insert into Product (product_id, name, price) values ('16994615608468', 'Kelapo Extra Virgin Coconut Oil Baking Sticks', '54.01');
insert into Product (product_id, name, price) values ('68013498244785', 'Margaret Holmes Peanut Patch Green Boiled Peanuts Hot & Spicy', '21.58');
insert into Product (product_id, name, price) values ('40848861318574', 'Kraft Velveeta Shells & Cheese 2% Milk', '22.80');
insert into Product (product_id, name, price) values ('29081847984026', 'Sylvania Daylight 75 Watt Indoor Light Bulb', '9.40');
insert into Product (product_id, name, price) values ('93086101643439', 'Sushi Chef Wakame Soup Mix Traditional Japanese Style', '57.04');
insert into Product (product_id, name, price) values ('49796278094335', 'Campbell''s Homestyle Soup Italian-style Wedding', '27.56');
insert into Product (product_id, name, price) values ('03030816541260', 'Sapore Sensuale Cake Toasted Almond', '14.99');
insert into Product (product_id, name, price) values ('71347714314917', 'Goody Ouchless No Metal Elastics - 29 Ct', '47.17');
insert into Product (product_id, name, price) values ('66574114114592', 'Ahold Cooked Shrimp Large Tail-on', '29.38');
insert into Product (product_id, name, price) values ('61113931336497', 'Smart Living 10.5" X 8" 3 Subject Notebook College Ruled', '24.27');
insert into Product (product_id, name, price) values ('57706101333927', 'Playtex Plastic Tampons Gentle Glide 360 Multi-pack Regular/super Fresh Scent - 18 Ct', '45.83');
insert into Product (product_id, name, price) values ('25672868557189', 'Hershey''s Caramel Syrup', '38.09');
insert into Product (product_id, name, price) values ('91686508442433', 'Windex Original Glass & Surface Wipes - 28 Pk', '43.78');
insert into Product (product_id, name, price) values ('83464344682570', 'Olay Total Effects 7-in-1 Tone Correcting Eye Treatment 0.5 Fl Oz', '16.49');
insert into Product (product_id, name, price) values ('79818911273526', 'Alberto Vo5 Normal Balancing Shampoo', '13.92');
insert into Product (product_id, name, price) values ('08332125556698', 'Milani Total Lash Cover Mascara 105 Black', '31.88');
insert into Product (product_id, name, price) values ('25451814310907', 'Sylvia''s Restaurant Specially-seasoned Field Peas With Snaps', '14.67');
insert into Product (product_id, name, price) values ('69734623040375', 'Nabisco Wheat Thins Snacks', '48.15');
insert into Product (product_id, name, price) values ('40697720961440', 'Careone Whitening Toothbrush Soft', '5.58');
insert into Product (product_id, name, price) values ('44772672496471', 'Vaseline Spray & Go Moisturizer Total Moisture', '51.92');
insert into Product (product_id, name, price) values ('36534048887776', 'Nature Made Fish Oil 1200mg Omega-3 360mg Liquid Softgels Lemon Flavor - 60 Ct', '54.89');
insert into Product (product_id, name, price) values ('04823359999948', 'Belluci Extra Virgin Olive Oil 100% Italian', '0.38');
insert into Product (product_id, name, price) values ('43017305243021', 'Ruffles Sour Cream & Onion Potato Chips', '56.32');
insert into Product (product_id, name, price) values ('56445324935958', 'Turkey Hill Premium Ice Cream Party Cake', '45.85');
insert into Product (product_id, name, price) values ('54625411925250', 'Tums Freshers Antacid Spearmint - 2 Pk', '5.56');
insert into Product (product_id, name, price) values ('40529618593304', 'Manishchewitz Gluten Free Wide Egg Noodles', '2.85');
insert into Product (product_id, name, price) values ('31585438347147', 'Gillette Fusion Proglide Cartridges - 8 Ct', '24.22');
insert into Product (product_id, name, price) values ('83443277929478', 'Bakery Pistachio Muffin - 4 Ct', '50.28');
insert into Product (product_id, name, price) values ('95231563768074', 'Frigo Cheese Heads 100% Natural String Cheese Light - 12 Ct', '21.60');
insert into Product (product_id, name, price) values ('39395369766859', 'Similac Advance Infant Formula With Iron Milk-based/ready To Feed - 6 Ct', '19.43');
insert into Product (product_id, name, price) values ('66827384570553', 'Rice A Roni Chicken Flavor Lower Sodium Rice', '39.55');
insert into Product (product_id, name, price) values ('20099053237863', 'Oberweis Dairy Raspberry Lemonade', '35.40');
insert into Product (product_id, name, price) values ('29124045914330', 'Companion Dog Biscuits Senior', '43.39');
insert into Product (product_id, name, price) values ('95640597926671', 'Coco Lite Multigrain Pop Cakes Whole Wheat', '26.79');
insert into Product (product_id, name, price) values ('80201632785759', 'Nestle The Original Coffee Mate', '54.77');
insert into Product (product_id, name, price) values ('54005227718459', 'Sweetleaf Natural Stevia Sweetener Packets - 70 Ct', '2.01');
insert into Product (product_id, name, price) values ('35934545101782', 'Pamela''s Chocolate Cake Mix', '46.59');
insert into Product (product_id, name, price) values ('58768045041637', 'Designer Gift Bag Glitterwrap', '3.72');
insert into Product (product_id, name, price) values ('25904042220393', 'Ahold 5 Cheese Pizza Ready To Bake', '37.04');
insert into Product (product_id, name, price) values ('70469853091465', 'Rice Bran Gluten Free Mini Baguette', '15.79');
insert into Product (product_id, name, price) values ('86090384841992', 'Cracker Jack Popcorn Butter Toffee', '49.72');
insert into Product (product_id, name, price) values ('60630741193911', 'Swingline Standard Desk Stapler Bonus Pack!', '6.64');
insert into Product (product_id, name, price) values ('49537889828872', 'Pork Chops Bone-in Center Cut', '37.40');
insert into Product (product_id, name, price) values ('08068277535372', 'Pork Chops Bone-in Center Cut', '22.95');
insert into Product (product_id, name, price) values ('16974390603540', 'Snack Pack Tapioca Pudding - 4 Pk', '15.32');
insert into Product (product_id, name, price) values ('72306703118556', 'Pure Power Easy Grip Scrub Brush', '8.99');
insert into Product (product_id, name, price) values ('54592912457006', 'Cocktail Rx Frozen Cocktails Blue Hawaiian', '11.08');
insert into Product (product_id, name, price) values ('53826026186738', 'Anagram Foil Balloon 18" Happy Birthday Smiles', '36.82');
insert into Product (product_id, name, price) values ('33451791965451', 'Shelton''s Turkey Burgers - 3 Ct', '31.41');
insert into Product (product_id, name, price) values ('66388230045674', 'Buckler Non-alcoholic Malt Beverage - 6 Ct', '51.16');
insert into Product (product_id, name, price) values ('18685376359825', 'Cento All Purpose Crushed Tomatoes', '14.57');
insert into Product (product_id, name, price) values ('46353128351856', 'Careone Vitamin B12 500mcg Tablets - 100 Ct', '40.82');
insert into Product (product_id, name, price) values ('73612619691378', 'Earth Balance Natural Peanut Butter And Flaxseed Creamy', '18.77');
insert into Product (product_id, name, price) values ('60647392774660', 'Looza Mango Juice Drink', '30.80');
insert into Product (product_id, name, price) values ('16753397337999', 'Campbell''s Go Soup Coconut Curry With Chicken & Shitake Mushrooms', '56.83');
insert into Product (product_id, name, price) values ('35082456625342', 'Sweet Baby Ray''s Barbecue Sauce', '24.30');
insert into Product (product_id, name, price) values ('98528042437131', 'Renuzit Gel Air Freshener Original', '48.72');
insert into Product (product_id, name, price) values ('03172723751227', 'Uncle Ben''s Roasted Garlic Ready Whole Grain Rice Medley', '45.76');
insert into Product (product_id, name, price) values ('71527564213738', 'Howe Gummi Sour Brites', '16.47');
insert into Product (product_id, name, price) values ('54662060053815', 'Nabisco Ritz Bits Cheese Cracker Sandwiches', '38.34');
insert into Product (product_id, name, price) values ('09175686989853', 'Alessi Balsamic Reduction Traditional Balsamic', '6.58');
insert into Product (product_id, name, price) values ('53588122130967', 'Allegra Allergy 12 Hour Relief Tablets - 12 Ct', '37.30');
insert into Product (product_id, name, price) values ('75068036820221', 'Reynolds Staybrite Baking Cups Flowers - 36 Ct', '3.85');
insert into Product (product_id, name, price) values ('91017698189735', 'Mccormick Grill Mates Brown Sugar Bourbon Marinade', '57.61');
insert into Product (product_id, name, price) values ('11634605630609', 'Ahold Cocoa Magic Cereal', '59.40');
insert into Product (product_id, name, price) values ('11631259241353', 'Cocktail Rx Frozen Cocktail Cosmopolitan', '44.27');
insert into Product (product_id, name, price) values ('83038006417915', 'Earth Balance Natural Buttery Spread Soy Free', '3.34');
insert into Product (product_id, name, price) values ('48420213557415', 'T.g.i Friday''s Poppers Cream Cheese Stuffed Jalapenos', '3.54');
insert into Product (product_id, name, price) values ('79807650804109', 'Instant Krazy Glue - 4 Ct', '45.19');
insert into Product (product_id, name, price) values ('05270248735309', 'Pepperidge Farm Puff Pastry Turnovers Apple - 4 Ct', '28.36');
insert into Product (product_id, name, price) values ('75642191629026', 'Campbell''s Soup On The Go Chicken & Star Shaped Pasta Soup', '48.96');
insert into Product (product_id, name, price) values ('43885084801625', 'Hi-c Boppin'' Strawberry Fruit Juice Boxes- 10 Pk', '43.57');
insert into Product (product_id, name, price) values ('87804629063006', 'Werther''s Original Sugar Free Hard Candies', '25.08');
insert into Product (product_id, name, price) values ('61871357956843', 'Cesar Canine Cuisine Filet Mignon Flavor', '30.35');
insert into Product (product_id, name, price) values ('25206317901410', 'Freshpet Chilly Wags Natural Vanilla Flavor Frozen Treats For Dogs - 4 Ct', '3.55');
insert into Product (product_id, name, price) values ('48889055355812', 'Boston Market Spaghetti With Meatballs', '40.43');
insert into Product (product_id, name, price) values ('20741750475556', 'Osem Soup & Seasoning Mix Consomme', '25.00');
insert into Product (product_id, name, price) values ('70907984515365', 'Smart Living Assorted Binder Clips - 10 Ct', '3.38');
insert into Product (product_id, name, price) values ('02962953799998', 'Golden Krust Jamaican Style Spicy Beef Patties - 2 Ct', '35.26');
insert into Product (product_id, name, price) values ('93175555464936', 'Eden Organic Shelled & Dry Roasted Pistachios', '18.48');
insert into Product (product_id, name, price) values ('00346895203038', 'Mccormick Grill Mates Mesquite Marinade', '20.22');
insert into Product (product_id, name, price) values ('33335713604857', 'Urban Accents Fisherman''s Wharf Seafood Seasoning', '59.89');
insert into Product (product_id, name, price) values ('64877860587084', 'Tastykake Cream Filled Koffee Kake Cupcakes Family Pack - 12 Ct', '10.49');
insert into Product (product_id, name, price) values ('23584420321760', 'Kikkoman Soy Sauce', '1.33');
insert into Product (product_id, name, price) values ('69444443533451', 'International Delight Coffee Creamer Irish Cream', '36.44');
insert into Product (product_id, name, price) values ('33465250318724', 'Ahold Honey Ham - Water Added', '39.60');
insert into Product (product_id, name, price) values ('12039387088109', 'Ahold Fitness Grape Creatine', '38.45');
insert into Product (product_id, name, price) values ('41103068233323', 'Premier Protein Crisp Crunchy Protein Bar Peanut Butter Caramel - 6 Ct', '51.42');
insert into Product (product_id, name, price) values ('98372262818404', 'Whitmor Stacking Shelf White Grid Medium', '18.92');
insert into Product (product_id, name, price) values ('17065887695309', 'Fruit Gushers Fruit Flavored Snacks Value Pack - 12 Ct', '56.30');
insert into Product (product_id, name, price) values ('97287667188291', 'Suave Naturals Everlasting Sunshine Shampoo', '53.16');
insert into Product (product_id, name, price) values ('30893703758356', 'Hot Pockets Sandwiches Cheeseburgers - 4 Ct', '3.43');
insert into Product (product_id, name, price) values ('71346188208087', 'Turkey Hill Premium Ice Cream Getrude Hawk Chocolates Box Of Chocolates', '41.28');
insert into Product (product_id, name, price) values ('20202407079686', 'Currant Affair Black Currant Cranberry Juice', '44.51');
insert into Product (product_id, name, price) values ('47138133152384', 'Spectrum Essentials Prenatal Dha Softgels - 60 Ct', '41.97');
insert into Product (product_id, name, price) values ('60060317790725', 'Lundberg Risotto Butternut Squash', '41.70');
insert into Product (product_id, name, price) values ('12099223551550', 'Twin Dragon Cookies Almond Chinese Style', '43.32');
insert into Product (product_id, name, price) values ('03774389198176', 'Gerber Multigrain Cereal', '1.51');
insert into Product (product_id, name, price) values ('70964025463511', 'Pure Protein Soft Baked Protein Bar Double Double Chocolate Vanilla Crunch', '12.20');
insert into Product (product_id, name, price) values ('27760044852047', 'Burt''s Bees Green Tea & Lemongrass Hand Soap', '14.02');
insert into Product (product_id, name, price) values ('53984105208170', 'Rice Select Royal Blend Whole Grain', '42.30');
insert into Product (product_id, name, price) values ('66059971535970', 'Weight Watchers Smart Ones Smart Delights Strawberry Shortcake - 4 Ct', '21.92');
insert into Product (product_id, name, price) values ('13175574175294', 'Cap''n Crunch''s Peanut Butter Crunch Cereal', '26.12');
insert into Product (product_id, name, price) values ('36956399125584', 'Kedem Kids Animal Cookies', '40.32');
insert into Product (product_id, name, price) values ('22694923936040', 'Scotch Duct Tape Pearl White', '38.59');
insert into Product (product_id, name, price) values ('60323703341907', 'Rienzi White Clam Italian Style Pasta Sauce', '10.67');
insert into Product (product_id, name, price) values ('70513400751907', 'Newman''s Own Lite Italian Dressing', '33.20');
insert into Product (product_id, name, price) values ('54245255745758', 'Flour Gf Meal Hzlnut', '46.07');
insert into Product (product_id, name, price) values ('17070315141711', 'Graeter''s Ice Cream Peppermint Stick', '19.40');
insert into Product (product_id, name, price) values ('72145296889200', 'Pepperidge Farm Entertaining Quartet Distinctive Crackers', '58.00');
insert into Product (product_id, name, price) values ('05136516402201', 'Lifestyle Foods Salad Blt With Ranch', '40.37');
insert into Product (product_id, name, price) values ('29077340971333', 'Schar Bonta D'' Italia Anellini Gluten-free', '48.72');
insert into Product (product_id, name, price) values ('13449829195773', 'Crunchmaster Multi-grain Sea Salt Crackers', '55.14');
insert into Product (product_id, name, price) values ('88683872903519', 'Jays Pork Skins', '5.65');
insert into Product (product_id, name, price) values ('00262898922623', 'Morningstar Farms Grillers California Turk''y Veggie Burgers - 4 Ct', '6.60');
insert into Product (product_id, name, price) values ('05212973453725', 'So Delicious Dairy Free Coconut Milk Frozen Dessert Coconut', '55.40');
insert into Product (product_id, name, price) values ('69596408766466', 'Head & Shoulders 2 In1 Smooth & Silky Dandruff Shampoo + Conditioner', '16.97');
insert into Product (product_id, name, price) values ('76359630652210', 'Dominex Veggie Fries Italian Style Eggplant Fries', '2.30');
insert into Product (product_id, name, price) values ('44458957267744', 'Earth''s Best Organic Stage 2 Orange Banana Baby Food Puree', '12.27');
insert into Product (product_id, name, price) values ('64751676153333', 'Soft Precious Lavender & Chamomile Nursery Jelly', '46.64');
insert into Product (product_id, name, price) values ('93128354676357', 'Burt''s Bees Naturally Ageless Line Diminishing Day Lotion', '50.16');
insert into Product (product_id, name, price) values ('74622139005232', 'Alpina Revive Blueberry Non-fat Greek Yogurt + Antioxidant Berries', '35.82');
insert into Product (product_id, name, price) values ('10596539647466', 'Green Giant Fresh Rosemary', '35.39');
insert into Product (product_id, name, price) values ('27592868546025', 'Tyson Any''tizers Chicken Bites Boneless Buffalo Style', '9.39');
insert into Product (product_id, name, price) values ('66603786707404', 'Playtex Nurser Naturalatch Silicone Nipples 3m+', '10.40');
insert into Product (product_id, name, price) values ('08930936732188', 'Envirokidz Organic Koala Crisp Cereal', '58.86');
insert into Product (product_id, name, price) values ('80158564820227', 'Chef Express Pork Back Ribs Fully Cooked', '3.79');
insert into Product (product_id, name, price) values ('94675084719211', 'Zarbee''s Naturals Children''s Cough Syrup Nighttime Natural Grape Flavor', '35.33');
insert into Product (product_id, name, price) values ('53095996001793', 'Mccormick Celery Salt', '36.79');
insert into Product (product_id, name, price) values ('63447153725166', 'Nabisco Ritz Crackerfuls Classic Cheddar Filled Crackers - 6 Ct', '11.89');
insert into Product (product_id, name, price) values ('19754673110981', 'Jet-dry Finish Rinse Agent Green Apple Scent', '32.34');
insert into Product (product_id, name, price) values ('42583052967722', 'Hawaiian Punch Lemon Berry Squeeze - 6 Pk', '54.93');
insert into Product (product_id, name, price) values ('12337436417574', 'Scunci No-slip Grip  Evolution Hair Ties Assorted Colors - 28 Ct', '31.76');
insert into Product (product_id, name, price) values ('00931075385502', 'Meow Mix Kitten Li''l Nibbles', '2.36');
insert into Product (product_id, name, price) values ('44569837067395', 'Bionaturae Organic Spaghetti Gluten Free', '55.15');
insert into Product (product_id, name, price) values ('35580892015724', 'Kraft Philadelphia Italian Cheese & Herb Cooking Creme', '18.65');
insert into Product (product_id, name, price) values ('08725069892983', 'Companion Cat Toy Mouse Duo - 2 Ct', '56.08');
insert into Product (product_id, name, price) values ('18462414589885', 'Mayte Platanitos Plantain Chips Garlic', '58.16');
insert into Product (product_id, name, price) values ('73785316236613', 'Reese Whole Water Chestnuts', '22.90');
insert into Product (product_id, name, price) values ('15283645424145', 'Nasoya Tofu Plus Organic Tofu Firm', '12.69');
insert into Product (product_id, name, price) values ('66428057242316', 'Arizona Arnold Palmer Lite Half & Half Green Tea Lemonade', '54.48');
insert into Product (product_id, name, price) values ('17991845816367', 'Softlips Cube Lip Protectant Pomegranate Blueberry', '10.15');
insert into Product (product_id, name, price) values ('48991221315339', 'Marie Callender''s Hearty Three Meat Marinara Bake', '8.16');
insert into Product (product_id, name, price) values ('91882351934942', 'Softsoap Body Butter Strawberry Smoother Body Smoothing Wash', '6.62');
insert into Product (product_id, name, price) values ('10336701977877', 'Ahold Companion Smoky Hambone', '27.63');
insert into Product (product_id, name, price) values ('98557002641289', 'Pure Power Tall Kitchen Bags Handle Tie 13 Gal - 26 Bags', '14.24');
insert into Product (product_id, name, price) values ('91301650832743', 'House Of Tsang Flavoring Oil Pure Sesame Seed Oil', '52.42');
insert into Product (product_id, name, price) values ('77491435974905', 'Sauer''s Slow Cooker Mix Chili', '25.51');
insert into Product (product_id, name, price) values ('89236986396969', 'Olay Fresh Effects S''wipe Out! Refreshing Make-up Removal Cloths 20 Count', '52.64');
insert into Product (product_id, name, price) values ('01020542751363', 'Hp Cookie Company Fancy Cookie Mix', '42.04');
insert into Product (product_id, name, price) values ('73230723576811', 'Pedigree Jumbone Small/medium Snack Food For Dogs - 2 Ct', '19.06');
insert into Product (product_id, name, price) values ('04771251257201', 'Stp Gas Treatment', '32.82');
insert into Product (product_id, name, price) values ('34720658179569', 'Del Monte Diced Apples & Pears In Extra Light Syrup With Caramel Flavor - 4 Ct', '22.98');
insert into Product (product_id, name, price) values ('59582852441232', 'Endangered Species Chocolate Milk Chocolate With Almonds Bar Natural - Sandhill Crane', '8.94');
insert into Product (product_id, name, price) values ('79088270005785', 'Ahold Conversation Hearts Candy', '35.78');
insert into Product (product_id, name, price) values ('83457363981478', 'Reddi Gourmet Chicken Breast Italian Style Panko Breaded Boneless Skinless - 4 Ct', '6.51');
insert into Product (product_id, name, price) values ('79088613631172', 'Edy''s Outshine Fruit Bars Mango - 6 Ct', '14.15');
insert into Product (product_id, name, price) values ('36520579246934', 'Hershey''s Special Dark Pieces Dark Chocolate', '19.14');
insert into Product (product_id, name, price) values ('36827496413689', 'Nature Made Fish Oil Liquid Softgels 1000mg - 90 Ct', '11.17');
insert into Product (product_id, name, price) values ('81346190708343', 'Careone Clifford The Big Red Dog Chunky Grip Toothbrush Extra Soft', '31.82');
insert into Product (product_id, name, price) values ('60345918755697', 'Triple Chip Gluten Free Cookies', '4.87');
insert into Product (product_id, name, price) values ('18594004007248', 'Companion Dog Toy Plush Bone Puppy Toy With Squeaker', '17.37');
insert into Product (product_id, name, price) values ('01755125713562', 'Firstline Evolve Conditioning Cap Platinum', '30.11');
insert into Product (product_id, name, price) values ('49004593083755', 'Afterbite The Itch Eraser Soothing Cream Kids', '7.93');
insert into Product (product_id, name, price) values ('37560280077592', 'Flavrz Tropica Drink Mix Pouches - 6 Ct', '49.04');
insert into Product (product_id, name, price) values ('18211361590049', 'Pepperidge Farm Baked Naturals Sesame Sticks', '34.60');
insert into Product (product_id, name, price) values ('48818424023215', 'Russell Stover Assorted Fine Chocolates', '11.03');
insert into Product (product_id, name, price) values ('38435635910397', 'Utz Kettle Classics Maui Bbq Crunchy Potato Chips', '27.28');
insert into Product (product_id, name, price) values ('26349453995507', 'Pediasure Shake Vanilla - 6 Ct', '27.69');
insert into Product (product_id, name, price) values ('54095220554617', 'Vagisil Medicated Anti-itch Creme Regular Strength', '39.40');
insert into Product (product_id, name, price) values ('03551695800949', 'Milani Illuminating Face Powder #02 Hermosa Rose', '38.90');
insert into Product (product_id, name, price) values ('49278820832771', 'Mccormick Chili Tex-mex Seasoning Mix', '58.63');
insert into Product (product_id, name, price) values ('50862176464525', 'Mother''s Cupboard Chocolate Chip Cookie Dough', '59.14');
insert into Product (product_id, name, price) values ('74047911904563', 'Lillie''s Q Barbeque Sauces & Rubs Hot Smoky', '46.19');
insert into Product (product_id, name, price) values ('67109321853974', 'Lay''s Potato Chips Classic - 6 Ct', '34.81');
insert into Product (product_id, name, price) values ('83666464083074', 'Cheez-it Baked Snack Crackers White Cheddar', '16.41');
insert into Product (product_id, name, price) values ('04558501830967', 'Giant Roasted No Salt Peanuts', '53.18');
insert into Product (product_id, name, price) values ('67773460825633', 'Rubinstein''s Wild Alaska Red Salmon', '1.35');
insert into Product (product_id, name, price) values ('61015331394869', 'Ahold Quiche Lorraine', '6.99');
insert into Product (product_id, name, price) values ('48537178206824', 'Revlon Coutoure Hair Accessories Elastics - 9 Ct', '15.38');
insert into Product (product_id, name, price) values ('45046024810091', 'Unique "splits" Split-open Pretzel Extra Dark', '36.95');
insert into Product (product_id, name, price) values ('75254721262974', 'Ogx Body Wash Hydrating Argan Oil Of Morocco', '2.16');
insert into Product (product_id, name, price) values ('89445169288317', 'Doritos Nacho Cheese Tortilla Chips', '30.41');
insert into Product (product_id, name, price) values ('63220427277322', 'Weight Watchers Bread 100% Whole Wheat', '27.43');
insert into Product (product_id, name, price) values ('09298412436041', 'Wrench Mints Sugar-free Candy Cane Peppermint Flavor Box', '29.92');
insert into Product (product_id, name, price) values ('61733551416815', 'Phillips'' Colon Health Daily Probiotic Supplement Capsules - 60 Ct', '45.19');
insert into Product (product_id, name, price) values ('20465642650913', 'Davinci Sun Dried Tomato Pesto', '8.18');
insert into Product (product_id, name, price) values ('26892888987953', 'Careone Medicated Jock Itch Spray', '45.11');
insert into Product (product_id, name, price) values ('43028605075228', 'Ruffles Baked! Cheddar & Sour Cream Potato Crisps', '51.99');
insert into Product (product_id, name, price) values ('50445887731894', 'Pond''s Cold Cream Cleanser', '5.82');
insert into Product (product_id, name, price) values ('91995227518803', 'Schweppes Sparkling Seltzer Water Orange - 12 Ct', '11.54');
insert into Product (product_id, name, price) values ('48659894604072', 'Newman''s Own Dressing Lite Sun Dried Tomato', '23.72');
insert into Product (product_id, name, price) values ('37084262312712', 'Acadia Sparkling Spring Water Raspberry Lime - 6 Pk', '51.04');
insert into Product (product_id, name, price) values ('87160036643665', 'Earth''s Best Organic Stage 3 Spring Vegetable & Pasta', '14.89');
insert into Product (product_id, name, price) values ('01469722328771', 'Sprout Organic Toddler Puree Tropical Oatmeal With Greek Yogurt', '4.30');
insert into Product (product_id, name, price) values ('35597982630343', 'Almond Dream Vnla Bite', '46.41');
insert into Product (product_id, name, price) values ('42468462654003', 'Ge Soft White 40 Watts Decorative Light Bulb', '57.90');
insert into Product (product_id, name, price) values ('76619163031750', 'Revlon 33010 Toenail Clip', '0.84');
insert into Product (product_id, name, price) values ('23171322009885', 'Post Bran Flakes Cereal', '17.32');
insert into Product (product_id, name, price) values ('58605395335577', 'Nivea A Kiss Of Care & Color Lip Care Sheer Caramel', '5.09');
insert into Product (product_id, name, price) values ('51909087579174', 'Ghirardelli Chocolate Milk & Carmel Bar', '17.64');
insert into Product (product_id, name, price) values ('22385924531322', 'Ito En Oi Ocha Dark Green Tea Unsweetened', '33.16');
insert into Product (product_id, name, price) values ('24244238652172', 'Glad Family Size Containers - 3 Ct', '22.20');
insert into Product (product_id, name, price) values ('56892853548617', 'Nature''s Earthly Choice Three Continent Blend', '39.97');
insert into Product (product_id, name, price) values ('19302403907620', 'Ahold  White Bread Dough - 5 Ct', '31.24');
insert into Product (product_id, name, price) values ('04922967250412', 'Roland Extra Virgin Olive Oil Sicilian', '44.20');
insert into Product (product_id, name, price) values ('36061098950135', 'Slim Jim Smokehouse Tender Steak Strips Kickin'' Carne Asada', '19.13');
insert into Product (product_id, name, price) values ('96723453329910', 'Juven Tissue Building Powder Packets Orange - 8 Ct', '43.88');
insert into Product (product_id, name, price) values ('06060780514050', 'Kraft Singles Reduced Fat Cheese White American - 16 Ct', '48.16');
insert into Product (product_id, name, price) values ('31837900485240', 'Categories Catnip Filled Kitty Condor Catnip Cuddler', '31.01');
insert into Product (product_id, name, price) values ('52975704728303', 'La Preferida Jalapeno Nacho Slices Mild', '30.37');
insert into Product (product_id, name, price) values ('16220635579884', 'Blue Bunny Ice Cream Homemade Vanilla', '35.84');
insert into Product (product_id, name, price) values ('99824618264964', 'Barney''s Egg Rolls - 12 Ct', '40.57');
insert into Product (product_id, name, price) values ('74346247768190', 'Stouffer''s Chicken Parmigiana Dinner Large Family Size', '34.54');
insert into Product (product_id, name, price) values ('36104283750510', 'Avalon Organics Bath & Shower Gel Lavender', '1.33');
insert into Product (product_id, name, price) values ('25272194287877', 'Luvs Ultra Leakguards Size 1 Diapers - 50 Ct', '24.43');
insert into Product (product_id, name, price) values ('69911753012953', 'Earthbound Farm Organic Apple Crunchers Cinnamon', '43.92');
insert into Product (product_id, name, price) values ('16410955805772', 'Glad Big Bowl Containers & Lids - 3 Ct', '18.13');
insert into Product (product_id, name, price) values ('85350039364492', 'Gazillion Bubbles', '50.93');
insert into Product (product_id, name, price) values ('69628131400209', 'Nabisco Triscuit Brown Rice Wheat Crackers Roasted Sweet Onion', '49.45');
insert into Product (product_id, name, price) values ('90956154487660', 'Little Remedies For Fevers Children''s Fever/pain Reliever Grape Flavor', '56.18');
insert into Product (product_id, name, price) values ('80650045124309', 'Pediacare Children Pain Reliever Fever Reducer Grape Flavor', '12.91');
insert into Product (product_id, name, price) values ('64440757289853', 'Wish-bone Honey Dijon Dressing Light', '41.60');
insert into Product (product_id, name, price) values ('60749123756562', 'Nature Made Multi Complete Dietary Softgels Original Formula - 60 Ct', '16.57');
insert into Product (product_id, name, price) values ('77518404220322', 'Reddi Wip Dairy Whipped Topping Original', '27.42');
insert into Product (product_id, name, price) values ('88596339547653', 'Nestle Hot Cocoa Mix - 6 Ct', '18.95');
insert into Product (product_id, name, price) values ('32633170434355', 'B&m Vegetarian Baked Beans', '39.58');
insert into Product (product_id, name, price) values ('20220147268959', 'Nature''s Path Organic Smart Bran With Psyllium & Oatbran', '53.64');
insert into Product (product_id, name, price) values ('44971820285096', 'Crystal Geyser Natural Alpine Spring Water', '39.96');
insert into Product (product_id, name, price) values ('70315286620558', 'Careone Moisturizing Body Wash Tahitian Coconut', '2.73');
insert into Product (product_id, name, price) values ('89471093654239', 'Dreamfields Angel Hair Pasta', '45.28');
insert into Product (product_id, name, price) values ('52929648368192', 'Lance Captain''s Wafers Four Cheese Crackers - 8 Ct', '3.01');
insert into Product (product_id, name, price) values ('23672706797509', 'Land O''lakes Cocoa Classics Hazelnut & Chocolate Hot Cocoa Flavored Mix', '55.85');
insert into Product (product_id, name, price) values ('12060672048012', 'Jason Pure Natural Body Wash Revitalizing Citrus', '8.50');
insert into Product (product_id, name, price) values ('03912089798563', 'Canada Dry Cranberry Ginger Ale Caffeine Free', '28.38');
insert into Product (product_id, name, price) values ('37800333129706', 'Ahold Cola Diet - 12 Ct', '34.70');
insert into Product (product_id, name, price) values ('88027591675322', 'Smartykat Lil''freshy Litter Box Deodorizer', '4.44');
insert into Product (product_id, name, price) values ('22174598495078', 'Kiss Nail Dress Retro French Or Full Strips - 22 Ct', '49.71');
insert into Product (product_id, name, price) values ('27296998078057', 'Tab - 6 Pk', '57.59');
insert into Product (product_id, name, price) values ('84705420997277', 'Utz Kettle Classics Potato Chips Crunchy', '36.86');
insert into Product (product_id, name, price) values ('95467905587053', 'Pilot G2 Premium Gel Roller Fine 0.7mm Red Ink - 2 Ct', '38.27');
insert into Product (product_id, name, price) values ('35245479098935', 'Earth''s Best Organic Stage 3 Bananas & Strawberries', '43.13');
insert into Product (product_id, name, price) values ('14146902856624', 'Stash Premium Peach Black Tea Bags - 20 Ct', '38.90');
insert into Product (product_id, name, price) values ('38893391891963', 'Coca-cola - 20 Ct', '41.39');
insert into Product (product_id, name, price) values ('95283623375319', 'Kaytee Sunflower Sensation Suet', '2.82');
insert into Product (product_id, name, price) values ('50956121224566', 'Superstar Christmas Cd', '12.73');
insert into Product (product_id, name, price) values ('85345408731981', 'Ge Charging Station 2 Usb/2 Ac Outlets', '49.41');
insert into Product (product_id, name, price) values ('69515257666359', 'Smarties Candy Rolls', '45.67');
insert into Product (product_id, name, price) values ('97286467132896', 'Patak''s Tastes Of India Complete Meals Lentil Curry With Rice Dal Makhani Medium', '16.42');
insert into Product (product_id, name, price) values ('94977968488482', 'Crest Pro-health Soothing Smooth Mint Clinical Gum Protection Fluoride Toothpaste', '1.02');
insert into Product (product_id, name, price) values ('12409744469070', 'Pure Leaf Raspberry Flavor Real Brewed Tea', '58.54');
insert into Product (product_id, name, price) values ('67020824696481', 'Brownberry Healthfull 10 Grain Bread', '33.92');
insert into Product (product_id, name, price) values ('03224172110551', 'Method Power Foam Dish Soap Pink Grapefruit', '0.78');
insert into Product (product_id, name, price) values ('73398143808405', '3 Musketeers Chocolate Candy Bar', '3.17');
insert into Product (product_id, name, price) values ('35501131377035', 'Bob Evans Tasteful Sides Glazed Apples', '7.91');
insert into Product (product_id, name, price) values ('19039409790925', 'Ahold Sour Cream', '35.08');
insert into Product (product_id, name, price) values ('61730445970289', 'Diamond Shelled Walnuts', '5.56');
insert into Product (product_id, name, price) values ('44478925251229', 'Yoplait Original 99% Fat Free Strawberry Low Fat Yogurt', '17.11');
insert into Product (product_id, name, price) values ('54328354972398', 'Homeostasis Labs 100% Natural Allergy Relief Homeopathic Medicine Tablets - 50 Ct', '32.64');
insert into Product (product_id, name, price) values ('61102968733333', 'Kellogg''s Nutri-grain Fruit & Oat Harvest Bars Country Strawberry - 5 Ct', '6.26');
insert into Product (product_id, name, price) values ('06943548640583', 'Sierra Mist Natural Caffeine Free Lemon-lime Soda - 24 Ct', '45.08');
insert into Product (product_id, name, price) values ('76499859577021', 'Olay Soothing Cucumber Body Lotion 11.8 Fl Oz', '10.22');
insert into Product (product_id, name, price) values ('10913333753180', 'Healthy Times Baby''s Herbal Garden Sweet Violet Baby Lotion', '49.48');
insert into Product (product_id, name, price) values ('23449849430954', 'Oxi Clean Laundry Detergent Free - 74 Loads', '10.61');
insert into Product (product_id, name, price) values ('40781732550483', 'I Can''t Believe It''s Not Butter! Deliciously Simple 70% Vegetable Oil Spread', '43.27');
insert into Product (product_id, name, price) values ('16646613282189', 'Kellogg''s Cereal Rice Krispies', '32.74');
insert into Product (product_id, name, price) values ('95766920325353', 'Yogi Women''s Raspberry Leaf Tea', '52.89');
insert into Product (product_id, name, price) values ('93122824156996', 'Aussie Moist Shampoo', '56.56');
insert into Product (product_id, name, price) values ('28725087252604', 'Sprout Organic Baby Food Whole Grain Oatmeal Cereal For Infants & Toddlers', '44.05');
insert into Product (product_id, name, price) values ('07446239944299', 'L''oreal Paris Feria Permanent Haircolour Gel Light Brown 60 Natural', '18.86');
insert into Product (product_id, name, price) values ('19299666869111', 'Well Roots Liquid Soft-gels Testosterone Formula For Men - 30 Ct', '27.56');
insert into Product (product_id, name, price) values ('26150713223031', 'Purina Friskies Rise & Shine Cat Food Sunny Chicken & Egg Scramble', '55.55');
insert into Product (product_id, name, price) values ('36247759149928', 'Albanese Wild Thing Sour Gummi Worms', '48.97');
insert into Product (product_id, name, price) values ('69781618668892', 'Combat Source Kill Small Roach Advanced Formula Bait Stations - 12 Ct', '19.32');
insert into Product (product_id, name, price) values ('32050864564073', 'Bausch + Lomb Biotrue Multi-purpose Contact Solution', '47.40');
insert into Product (product_id, name, price) values ('37952104974383', 'Arm & Hammer Advance White Brilliant Sparkle Fluoride Anti-cavity Gel Toothpaste', '14.80');
insert into Product (product_id, name, price) values ('44285580554445', 'Steaz Zero Calorie Iced Teaz Half & Half Green Tea With Lemonade', '58.85');
insert into Product (product_id, name, price) values ('30266775294863', 'Nuby Prism Orthodontic Pacifier 6-12m - 2 Ct', '16.67');
insert into Product (product_id, name, price) values ('31681088471358', 'Crush Caffeine Free Orange Soda', '51.81');
insert into Product (product_id, name, price) values ('33458722624109', 'Ahold Citrus Pops Assorted - 24 Ct', '56.36');
insert into Product (product_id, name, price) values ('87548873865764', 'Sally Hansen Airbrush Shimmer For All Skin Tones', '19.43');
insert into Product (product_id, name, price) values ('39389779402218', 'Smart Living Pink Eraser Caps - 12 Ct', '55.14');
insert into Product (product_id, name, price) values ('52962549996626', 'Sobe Lifewater Mango Mandarin Coconut Water Beverage', '59.70');
insert into Product (product_id, name, price) values ('91809753100825', 'Palmer''s Cocoa Butter Formula With Vitamin E Night Renewal Cream', '17.06');
insert into Product (product_id, name, price) values ('11498958805354', 'Betty Crocker Roasted Garlic Mashed Potatoes', '32.40');
insert into Product (product_id, name, price) values ('60607907307183', 'Ge Bulb Crystal Clear Candalabra Base - 40 Watt', '47.61');
insert into Product (product_id, name, price) values ('79810802495470', 'Nature''s Bounty Dietary Capsules Cinnamon 1000 Mg - 100 Ct', '51.81');
insert into Product (product_id, name, price) values ('04387281455292', 'Roth Buttermilk Blue Cheese', '19.40');
insert into Product (product_id, name, price) values ('92102334438732', 'Healthy Choice Top Chef Inspired Cafe Steamers Chicken Linguini With Red Pepper Alfredo', '10.32');
insert into Product (product_id, name, price) values ('41396496349756', 'Mangos', '51.13');
insert into Product (product_id, name, price) values ('55874460164500', 'Ihop At Home Breakfast Sandwich Griddle N'' Sausage - 4 Ct', '40.98');
insert into Product (product_id, name, price) values ('53865344235897', 'Appalachian Brewing Co. American Craft Root Beer - 6 Pk', '16.58');
insert into Product (product_id, name, price) values ('95788464155126', 'Organic Valley Neufchatel Cheese Organic', '36.85');
insert into Product (product_id, name, price) values ('50051263541908', 'Orajel Fluoride-free Sesame Street Training Toothpaste Berry Fun', '1.34');
insert into Product (product_id, name, price) values ('07381266696401', 'Agave Blue Org', '46.20');
insert into Product (product_id, name, price) values ('24122025825628', 'Chickpea Chipotle', '30.37');
insert into Product (product_id, name, price) values ('49737778737509', 'Utz Potato Chips Salt & Pepper Family Size', '42.28');
insert into Product (product_id, name, price) values ('88037851694806', 'Covergirl Clean Invisible Concealer 115 Fair', '42.32');
insert into Product (product_id, name, price) values ('71659129909928', 'Skittles Original Bite Size Candies Fun Size', '40.19');
insert into Product (product_id, name, price) values ('71003261048530', 'Uncle Ben''s Naturel Wild Red Whole Grain Blend', '8.49');
insert into Product (product_id, name, price) values ('67152259372487', 'Simply Organic Certified Organic Creamy Dill Dip Mix', '42.48');
insert into Product (product_id, name, price) values ('74841047516520', 'Lee Kum Kee Hoisin Sauce', '3.35');
insert into Product (product_id, name, price) values ('39447598302538', 'Goody Classics Bobby Slides - 6 Ct', '6.43');
insert into Product (product_id, name, price) values ('22808485554253', 'Spot Seek-a-treat Shuffle Bone Dog Iq Puzzle', '52.11');
insert into Product (product_id, name, price) values ('30889847690003', 'Careone Moisturizing Cream', '5.34');
insert into Product (product_id, name, price) values ('91683681208539', 'Musselman''s Cinnamon Fat Free Apple Sauce - 6 Pk', '8.86');
insert into Product (product_id, name, price) values ('24925010090164', 'Rustic Bakery Sourdough Flatbread Olive Oil & Sel Gris', '10.41');
insert into Product (product_id, name, price) values ('89343639741879', 'Ahold Tomato Ketchup', '52.18');
insert into Product (product_id, name, price) values ('55716876259380', 'Chobani Champions Low-fat Greek Yogurt Very Berry - 4 Ct', '55.52');
insert into Product (product_id, name, price) values ('66228778848077', 'Nuby No-spill Flex Straw Cup Step 3 - 12m+', '36.71');
insert into Product (product_id, name, price) values ('16662236447990', 'Nature Valley Granola Thins Dark Chocolate - 18 Ct', '52.37');
insert into Product (product_id, name, price) values ('38159331027732', 'Oasis Age Essential Antiplaque/antigingivitis Mouthwash', '23.38');
insert into Product (product_id, name, price) values ('46419673715688', 'Kraft South Beach Living S''mores Granola Bars', '32.24');
insert into Product (product_id, name, price) values ('11636603794642', 'Ahold Dr. Bob Soda  - 12 Ct', '15.53');
insert into Product (product_id, name, price) values ('92180117731548', 'Ogx Sunkissed Blonde Lemon Highlights Conditioner', '16.54');
insert into Product (product_id, name, price) values ('51440362711768', 'Barbara''s Snackimals Animals Cookies Vanilla', '1.82');
insert into Product (product_id, name, price) values ('93411325927859', 'Glad Extra Wide Seal Gallon Storage Zipper Bags - 40 Ct', '54.39');
insert into Product (product_id, name, price) values ('72047113252879', 'Trois Petits Cochons Mousse Truffee Pork & Chicken Liver', '8.52');
insert into Product (product_id, name, price) values ('04143982262573', 'Alouette Blue Cheese Crumbled', '12.15');
insert into Product (product_id, name, price) values ('17738489065993', 'Viva Accents Big Roll Towels', '31.35');
insert into Product (product_id, name, price) values ('48570821592883', 'Nabisco Honey Maid Lil'' Squares Honey Grahams', '28.01');
insert into Product (product_id, name, price) values ('20506784808340', 'Careone Stool Softener Capsules 100 Mg - 100 Ct', '16.75');
insert into Product (product_id, name, price) values ('92177932905549', 'Long Aid Original Gel In A Jar Activator Gel', '6.60');
insert into Product (product_id, name, price) values ('43591488832893', 'Ahold Baking Cups Pastel - 50 Ct', '31.18');
insert into Product (product_id, name, price) values ('36480688376637', 'Bertolli Complete Skillet Meal For Two Chicken Marsala & Roasted Redskin Potatoes', '35.61');
insert into Product (product_id, name, price) values ('57343109945503', 'Blue Diamond Almonds Artisan Nut-thins Multi-seeds Cracker Snacks', '15.60');
insert into Product (product_id, name, price) values ('18955125809547', 'Careone Vitamin E Cream Moisturizer', '18.07');
insert into Product (product_id, name, price) values ('19613353452703', 'Vitafusion Fiber Well Gummies Peach, Strawberry, Blackberry - 90 Ct', '20.56');
insert into Product (product_id, name, price) values ('89823948212919', 'Gringo Jack''s Whiskey Bbq Sauce Medium', '15.47');
insert into Product (product_id, name, price) values ('48421092144123', 'Happy Tot Organic Superfoods Spinach, Mango & Pear', '41.00');
insert into Product (product_id, name, price) values ('73557131412561', 'Ahold Butter Popcorn 94% Fat Free Microwave - 4 Ct', '10.56');
insert into Product (product_id, name, price) values ('16925990499358', 'Chobani Low-fat Greek Yogurt Champions Tubes Jammin'' Strawberry - 8 Ct', '44.67');
insert into Product (product_id, name, price) values ('35074644674641', 'Traditional Medicinals Laxative Teas Organic Smooth Moves Chocolate Tea Bags - 16 Ct', '22.60');
insert into Product (product_id, name, price) values ('20237091885443', 'Fiber One Chewy Bars Protein Peanut Butter - 5 Ct', '7.63');
insert into Product (product_id, name, price) values ('34031213168526', 'Tostitos Dip Creations Fresh Made Guacamole Seasoning Mix', '19.77');
insert into Product (product_id, name, price) values ('08325334726691', 'Wd-40 Specialist Water Resistant Silicone Lubricant', '11.80');
insert into Product (product_id, name, price) values ('85573865220943', 'Pennsylvania Dutch Diet Birch Beer Caffeine Free', '56.13');
insert into Product (product_id, name, price) values ('59075188457345', 'L''oreal Paris Healthy Look Creme Gloss Color 8 Medium Blonde/vanilla Creme', '26.06');
insert into Product (product_id, name, price) values ('59897321152956', 'Red Baron Feasts For One Super Slice 4-cheese Pizza', '41.39');
insert into Product (product_id, name, price) values ('18801280376834', 'Revlon Colorburst 018 Fire Lipgloss', '47.94');
insert into Product (product_id, name, price) values ('55064342603049', 'Maybelline Colorsensational Lipcolor Mauve It Up', '8.27');
insert into Product (product_id, name, price) values ('16309976002069', 'Complete Recipe Gingerbread Cut Out Cookies - 10 Ct', '22.69');
insert into Product (product_id, name, price) values ('27864527066051', 'Nutiva Organic Extra Virgin Coconut Oil', '33.24');
insert into Product (product_id, name, price) values ('37240936176211', 'Diet Coke Caffeine Free - 8 Ct', '33.42');
insert into Product (product_id, name, price) values ('84505344589177', 'Pampers Baby Dry Diapers Size 5 - 78 Ct', '26.23');
insert into Product (product_id, name, price) values ('37262611906790', 'Ahold 100% Lemon Juice', '42.97');
insert into Product (product_id, name, price) values ('54629344518172', 'Wrigley''s Orbit Wintermint Sugarfree Gum - 14 Ct', '29.46');
insert into Product (product_id, name, price) values ('83048713228978', 'Clif Builder''s Snack Size 10g Protein Bar Chocolate Peanut Butter - 10 Ct', '30.50');
insert into Product (product_id, name, price) values ('71474868511354', 'Slipx Solutions Essential Bath Mat 17'' X 25"', '38.31');
insert into Product (product_id, name, price) values ('55227434983601', 'My-t-fine Pudding & Pie Filling Chocolate', '26.93');
insert into Product (product_id, name, price) values ('14646850100594', 'American Greetings Holiday Cards Santa & Snowmen - 16 Ct', '18.33');
insert into Product (product_id, name, price) values ('46895859629840', 'Healthy Choice Cafe Steamers Crustless Chicken Pot Pie', '22.53');
insert into Product (product_id, name, price) values ('59798657608451', 'Seapak Shrimp Scampi', '28.76');
insert into Product (product_id, name, price) values ('17977582723348', 'Talenti Fudge Brownie Gelato', '51.70');
insert into Product (product_id, name, price) values ('82102334162053', 'Weight Watchers Smart Ones Key Lime Pie - 2 Ct', '55.64');
insert into Product (product_id, name, price) values ('83329109879111', 'Energizer Compact Led Light', '10.60');
insert into Product (product_id, name, price) values ('00408671297586', 'Francesco Rinaldi Chunky Garden Tomato, Garlic & Onion Pasta Sauce', '28.07');
insert into Product (product_id, name, price) values ('20520711870829', 'Nabisco Oreo Double Stuff Sandwich Cookies - 8 Ct', '31.73');
insert into Product (product_id, name, price) values ('20110005329507', 'Green Acres Mixed Fruit', '57.92');
insert into Product (product_id, name, price) values ('13999078380477', 'Duke''s Mayonnaise Light', '42.27');
insert into Product (product_id, name, price) values ('84525582172608', 'Boar''s Head Boneless Smoked Ham Steak', '9.70');
insert into Product (product_id, name, price) values ('56607959798022', 'Clawson Lemon Zest White Stilton With Lemon Peel', '0.48');
insert into Product (product_id, name, price) values ('18866207611772', 'Hartz Angry Birds Wand Cat Toy', '37.90');
insert into Product (product_id, name, price) values ('31989202157486', 'California Sun Dry Sun-dried Tomatoes Halves With Herbs', '39.70');
insert into Product (product_id, name, price) values ('89537820670635', 'Eucerin Daily Replenishing Moisturizing Lotion', '29.94');
insert into Product (product_id, name, price) values ('14801976722708', 'Crystal Light Pure Lemonade Naturally Sweetened Drink Mix - 7 Ct', '50.57');
insert into Product (product_id, name, price) values ('19315686951956', 'Palermo Bakery Glazed Donuts - 3 Ct', '43.06');
insert into Product (product_id, name, price) values ('38342323525291', 'Green Giant Cut Green Beans - 4 Pk', '16.54');
insert into Product (product_id, name, price) values ('63505566411374', 'Nature''s Gate Body Wash Velvet Moisture Acai', '4.57');
insert into Product (product_id, name, price) values ('30762713480711', 'Annie''s Homegrown Organic Pretzel Bunnies', '6.14');
insert into Product (product_id, name, price) values ('08226840889059', 'Jack Daniel''s Barbecue Sauce Steakhouse', '42.00');
insert into Product (product_id, name, price) values ('11224074147582', 'Nivea A Kiss Of Milk & Honey Lip Care', '52.46');
insert into Product (product_id, name, price) values ('71499572314136', 'St. Joseph Enteric Safety Coated Aspirin Tablets - 36 Ct', '50.02');
insert into Product (product_id, name, price) values ('18725498573431', 'Softee Protein Styling Gel Extra Hold', '20.15');
insert into Product (product_id, name, price) values ('28130512316621', 'Companion Wild Bird Food Songbird', '56.61');
insert into Product (product_id, name, price) values ('08707497027577', 'Scotties 2 Ply Facial Tissues - 120 Ct', '42.32');
insert into Product (product_id, name, price) values ('47172866395781', 'Quorn Spaghetti & Meatless Meatballs Meatless & Soy Free', '46.82');
insert into Product (product_id, name, price) values ('62936994594160', 'Niagara Solid Milk Chocolate Rabbit', '2.38');
insert into Product (product_id, name, price) values ('66130477396176', 'Brown Cow Cream Top Yogurt Vanilla All Natural', '18.85');
insert into Product (product_id, name, price) values ('57467860252541', 'Antonio Mozzarella Factory Marinated Mozzarella All Natural', '47.11');
insert into Product (product_id, name, price) values ('88335019990476', 'Kraft Anything Dressing Roka Blue Cheese', '55.43');
insert into Product (product_id, name, price) values ('45644606944481', 'Pedia Care Gas Relief Drops', '53.57');
insert into Product (product_id, name, price) values ('97747930120297', 'Oxipor Vhc Psoriasis Lotion', '56.03');
insert into Product (product_id, name, price) values ('21526090469351', 'Dial For Men Odor Armor Antibacterial Soap Bars - 3 Ct', '45.84');
insert into Product (product_id, name, price) values ('51870069332803', 'Nature Made Full Strength Minis Multi Complete Dietary Supplement Softgels - 60 Ct', '43.06');
insert into Product (product_id, name, price) values ('90862583333705', 'Nuk Trendline Orthodontic Pacifier - 0-6m', '53.87');
insert into Product (product_id, name, price) values ('05529937074940', 'Kleenex Cottonelle Cleancare Toilet Paper Double Rolls - 6 Ct', '39.08');
insert into Product (product_id, name, price) values ('31611474824958', 'San-j Tamari Gluten Free Soy Sauce Reduced Sodium', '53.07');
insert into Product (product_id, name, price) values ('73638910817486', 'Litehouse Opa Greek Style Yogurt Dressing Feta Dill', '4.27');
insert into Product (product_id, name, price) values ('74791636796733', 'Organic Cranberries', '32.91');
insert into Product (product_id, name, price) values ('40106639169438', 'Organic Cranberries', '3.06');
insert into Product (product_id, name, price) values ('83531171341577', 'Giant Chocolate Icing & Rainbow Sprinkles Cake Donuts - 6 Pk', '57.75');
insert into Product (product_id, name, price) values ('90989648341345', 'Snyder''s Of Hanover Thins Pretzel The Pounder', '41.98');
insert into Product (product_id, name, price) values ('32589844230658', 'Cholula Chipotle Hot Sauce', '21.72');
insert into Product (product_id, name, price) values ('37100631454858', 'Ge Surge Protector, 3 Grounding Outlets 660 Joules Grey', '23.20');
insert into Product (product_id, name, price) values ('67665926418188', 'Sterilite Ultra Hiphold Laundry Basket Seashell - 1.25 Bushel', '48.14');
insert into Product (product_id, name, price) values ('96760891348395', 'Glutino Gluten Free Sensible Beginnings Corn Rice Flakes', '49.45');
insert into Product (product_id, name, price) values ('47348256046578', 'Superior Nut & Candy Raw Whole Almonds', '5.87');
insert into Product (product_id, name, price) values ('85270597609578', 'Goya Wafers Mango', '56.02');
insert into Product (product_id, name, price) values ('24154338927411', 'Maybelline Dream Bouncy Blush 05 Fresh Pink', '21.58');
insert into Product (product_id, name, price) values ('74953937900938', 'Ahold Yellow Mustard', '59.36');
insert into Product (product_id, name, price) values ('87784564749359', 'Ahold Chunky Chicken Noodle Soup', '49.58');
insert into Product (product_id, name, price) values ('30511247908805', 'Lifeway Frozen Kefir Green Tea Raspberry - 6 Ct', '56.36');
insert into Product (product_id, name, price) values ('44969396198216', 'Old Spice Red Zone Swagger Body Wash', '9.37');
insert into Product (product_id, name, price) values ('94843278066205', 'Cottontails 10-second Digital Thermometer', '21.74');
insert into Product (product_id, name, price) values ('88647771029051', 'S. Rosen''s Rye Bread Bohemian Style Unseeded', '3.15');
insert into Product (product_id, name, price) values ('22360632089468', 'Honest Tea Brewed Organic Black Tea Unsweet Lemon', '3.12');
insert into Product (product_id, name, price) values ('58597990701606', 'Lipton Diet Raspberry Sugar Free Iced Tea Mix', '5.74');
insert into Product (product_id, name, price) values ('07467676409170', 'Vermont Real Sticks Beef & Pork Chipotle Stick', '34.04');
insert into Product (product_id, name, price) values ('57282488750870', 'Wild Planet Wild Pink Shrimp', '50.26');
insert into Product (product_id, name, price) values ('20819912559836', 'Johnson''s Safety Swabs - 55 Ct', '50.52');
insert into Product (product_id, name, price) values ('53374824037857', 'Degree Men Clinical Protection Clean Trisolid Deodorant', '57.36');
insert into Product (product_id, name, price) values ('00343620859459', 'Sally Hansen I Heart Nail Art Fine Pen 320 Yellow', '20.92');
insert into Product (product_id, name, price) values ('53879716148973', 'Cottontails Diapers Size 1', '8.36');
insert into Product (product_id, name, price) values ('63916368942849', 'Angie''s Small Batch Kettle Corn Classic Sweet & Salty', '19.41');
insert into Product (product_id, name, price) values ('61488703268291', 'Ge Crystal Clear Decorative Ca Type Candelabra Base Bulbs 25w - 2 Ct', '0.25');
insert into Product (product_id, name, price) values ('19676480933201', 'Mike''s Harder Lemonade Black Cherry Lemonade Flavor - 12 Ct', '53.05');
insert into Product (product_id, name, price) values ('69243801542817', 'Libby''s Tropical Sliced Mango', '10.59');
insert into Product (product_id, name, price) values ('45045842743129', 'Farberware Professional Stainless Steel Pie Server', '11.32');
insert into Product (product_id, name, price) values ('94494541048213', 'Braun Thermoscan Lens Filters - 40 Ct', '27.13');
insert into Product (product_id, name, price) values ('88412024620840', 'La Brea Bakery Whole Grain Loaf', '2.27');
insert into Product (product_id, name, price) values ('94321616496605', 'Eclipse Sugar Free Gum Pieces Spearmint - 180 Ct', '59.53');
insert into Product (product_id, name, price) values ('83659420760481', 'Alberto Vo5 Moisture Milks Moisturizing Conditioner Strawberries & Cream', '37.04');
insert into Product (product_id, name, price) values ('54422830423854', 'Kraft Deli Deluxe American Cheese Slices - 24 Ct', '20.02');
insert into Product (product_id, name, price) values ('53864786141336', 'Ahold Young Turkey', '21.12');
insert into Product (product_id, name, price) values ('53889722113027', 'Reynolds Wrap 200 Sq Ft Aluminum Foil', '57.05');
insert into Product (product_id, name, price) values ('30021911702361', 'Paesana Tomato Sauce Puttanesca', '4.08');
insert into Product (product_id, name, price) values ('47569593570875', 'Blink Contacts Lubricating Eye Drops', '5.83');
insert into Product (product_id, name, price) values ('13248944594569', 'Bush''s Homestyle Baked Beans', '36.96');
insert into Product (product_id, name, price) values ('67583162979570', 'Nestle Dark Chocolate Raisinets California Raisins', '14.22');
insert into Product (product_id, name, price) values ('98185445918827', 'Kabuto Ready-mix Wasabi', '47.36');
insert into Product (product_id, name, price) values ('74174022197465', 'Campbell''s Healthy Request Tomato Condensed Soup', '1.00');
insert into Product (product_id, name, price) values ('60427179169404', 'Rudi''s Organic Bakery Sandwich Flatz 100% Whole Wheat Organic - 8 Ct', '59.09');
insert into Product (product_id, name, price) values ('95443595845377', 'Premio Hot Italian Sausage With Real Crusted Red & Black Pepper', '12.70');
insert into Product (product_id, name, price) values ('20397556332701', 'Dr. Scholl''s Ingrown Toenail Pain Reliever', '29.59');
insert into Product (product_id, name, price) values ('42979856684763', 'State Fair Corn Dogs Beef - 5 Ct', '43.46');
insert into Product (product_id, name, price) values ('41887381077586', 'Desert Essence Coconut Shampoo', '30.19');
insert into Product (product_id, name, price) values ('32523019951361', 'Nature''s Promise Trail Mix & Snacks Wasabi Peas', '50.80');
insert into Product (product_id, name, price) values ('24831162852563', 'Simply Organic Certified Organic Peppercorns Black', '10.30');
insert into Product (product_id, name, price) values ('83784483417975', 'Godiva Milk Chocolate Caramels', '42.04');
insert into Product (product_id, name, price) values ('53623954706035', 'Hartz Dentist''s Best Dental Powder For Dogs & Cats', '1.66');
insert into Product (product_id, name, price) values ('47324630744366', 'Cascade Dishwasher Detergent Pacs Fresh Scent - 48 Ct', '26.31');
insert into Product (product_id, name, price) values ('00095804046983', 'Hometown Bagel Chicago Style Bagel Chips Sea Salt', '2.60');
insert into Product (product_id, name, price) values ('31842339504471', 'Monster Energy Drink Lo-carb Energy Mini''s - 12 Ct', '48.83');
insert into Product (product_id, name, price) values ('83658169420911', 'Marco Polo Golden Rusk Rye With Sesame Seed Toast', '34.98');
insert into Product (product_id, name, price) values ('20076338969877', 'Lysol Spring Waterfall Scent Disinfectant Spray', '46.02');
insert into Product (product_id, name, price) values ('18239406005658', 'Ahold Gum Drops Candy', '49.39');
insert into Product (product_id, name, price) values ('85094318835650', 'Goody Ouchless Tangle-free Inner Cushion Brush', '7.24');
insert into Product (product_id, name, price) values ('73925201341860', 'Kiss My Face Moisturizer Lavender Shea', '37.70');
insert into Product (product_id, name, price) values ('41113838921332', 'Healthy Choice Complete Meals Spaghetti & Meatballs', '17.38');
insert into Product (product_id, name, price) values ('47831185887929', 'Three Twins Ice Cream Organic Sea Salted Caramel', '58.61');
insert into Product (product_id, name, price) values ('98315357366582', 'Fritos Honey Bbq Flavor Twists Corn Snacks', '0.54');
insert into Product (product_id, name, price) values ('11117052234906', 'Chi-chi''s Mild Thick & Chunky Salsa', '21.80');
insert into Product (product_id, name, price) values ('16389620141974', 'Weight Watchers Smart Ones Bistro Selections Chicken Fettucini', '8.10');
insert into Product (product_id, name, price) values ('82504489472304', 'Oscar Mayer Center Cut Bacon Thick Sliced', '53.21');
insert into Product (product_id, name, price) values ('34178446506367', 'Del Monte Cherry Mixed Fruit In Cherry Light Syrup - 6 Ct', '58.62');
insert into Product (product_id, name, price) values ('23050422848700', 'Wahl Home Products Micro Groomsman Lithium Power', '32.62');
insert into Product (product_id, name, price) values ('43015609440914', 'Minute Maid Juices To Go Apple 100% Juice 10 Fl Oz', '46.05');
insert into Product (product_id, name, price) values ('74253394338482', 'Companion Wild Bird Food Premium', '15.94');
insert into Product (product_id, name, price) values ('40177534683421', 'Chocobutter', '38.60');
insert into Product (product_id, name, price) values ('87460627043617', 'Reach Total Care + Whitening Toothbrush Soft', '28.24');
insert into Product (product_id, name, price) values ('87581771753274', 'Dr. Teal''s Foaming Bath Soothe & Sleep Lavender', '14.37');
insert into Product (product_id, name, price) values ('99957230613820', 'Baycliff Company Sushi Chef Premium Sushi Rice', '30.93');
insert into Product (product_id, name, price) values ('53867065983674', 'Post-it Notes Super Sticky Jewel Pop - 3 Pk', '32.40');
insert into Product (product_id, name, price) values ('78115743263102', 'Lipton Herbal Tea Bags Peppermint - 18 Ct', '26.50');
insert into Product (product_id, name, price) values ('25927245775923', 'Master Of Mixes Margarita Salt', '15.79');
insert into Product (product_id, name, price) values ('06428942697790', 'Fiji Water Natural Artesian - 6 Ct', '10.72');
insert into Product (product_id, name, price) values ('37214064728589', 'Ahold Sliced Water Chestnuts', '50.47');
insert into Product (product_id, name, price) values ('72457032810659', 'Ahold Slider Bags Quart - 20 Ct', '53.60');
insert into Product (product_id, name, price) values ('62134388344919', 'Purina Beneful Incredibites Dog Food', '28.44');
insert into Product (product_id, name, price) values ('63621924877960', 'Hostess Cupcakes Frosted Chocolate Cake - 8 Ct', '28.14');
insert into Product (product_id, name, price) values ('21506297619253', 'Nescafe Taster''s Choice Decaf House Blend Instant Coffee Packets - 20 Ct', '29.04');
insert into Product (product_id, name, price) values ('51007782482794', 'Ahold Pickle Chips Hamburger Dills', '13.31');
insert into Product (product_id, name, price) values ('32077277868540', 'Di Bruno Bros. Salted Pretzel Nuggets', '30.26');
insert into Product (product_id, name, price) values ('99199012223838', 'Tabatchnick Garden Fresh Vegetable Broth', '30.93');
insert into Product (product_id, name, price) values ('09618814321433', 'Aunt Jemima Waffles Low Fat - 10 Ct', '23.66');
insert into Product (product_id, name, price) values ('32781544497613', 'Xtra Sensitive Scents Detergent Rain Lily & Aloe - 50 Loads', '0.88');
insert into Product (product_id, name, price) values ('21955861675171', 'Tetley Naturally Decaffeinated Classic Black Tea Bags - 72 Ct', '51.22');
insert into Product (product_id, name, price) values ('97529645642072', 'Nivea For Men 2in1 Cool Kick Artic Freeze After Shave Gel & Moisturizer', '48.38');
insert into Product (product_id, name, price) values ('75732835770022', 'Revlon Grow Luscious Plumping 223 Blackened Brown Waterproof Mascara', '14.05');
insert into Product (product_id, name, price) values ('09028845516080', 'Gwaltney Pork Sausage Mild', '11.65');
insert into Product (product_id, name, price) values ('85805394130810', 'Ecosmart Organic Insecticide Ant & Roach Killer', '29.27');
insert into Product (product_id, name, price) values ('12484703228976', 'Mt. Olive Kosher Dill Petite Snack Crunchers', '19.42');
insert into Product (product_id, name, price) values ('66213790646887', 'Bounty Select-a-size Big Paper Towel Rolls White - 3 Ct', '55.92');
insert into Product (product_id, name, price) values ('94912823231631', 'Enfamil Premium Newborn N Infant Formula', '30.91');
insert into Product (product_id, name, price) values ('31867910734872', 'Duracell Ion Speed 500 Battery Charger Starter Kit', '10.67');
insert into Product (product_id, name, price) values ('54635648824303', 'Mccormick Basil Leaves', '8.16');
insert into Product (product_id, name, price) values ('01616874890529', 'Olay Cc Cream - Total Effects Daily Moisturizer Plus Touch Of Foundation 1.7 Fl Oz', '2.05');
insert into Product (product_id, name, price) values ('30702661172467', 'Diamond Shelled Pecans', '4.79');
insert into Product (product_id, name, price) values ('23572321401152', 'L''eggs Everyday Q Suntan Sheer Toe Regular Pantyhose - 5 Ct', '12.26');
insert into Product (product_id, name, price) values ('17604455820631', 'Chock Full O'' Nuts 100% Colombian Ground Coffee', '53.07');
insert into Product (product_id, name, price) values ('69598280387040', 'Wild Delight Advanced Formula Cardinal Food', '7.24');
insert into Product (product_id, name, price) values ('30520748343620', 'Goody Invisible Hairnets Light Brown - 3 Ct', '30.47');
insert into Product (product_id, name, price) values ('56083036178256', 'Utz Pretzels Football Shaped', '22.38');
insert into Product (product_id, name, price) values ('07176775094643', 'Marzetti Veggie Dip Light Dill', '59.14');
insert into Product (product_id, name, price) values ('70844315257625', 'Johnson''s Baby Bedtime Lotion', '6.38');
insert into Product (product_id, name, price) values ('52868796449594', 'Red Rose Mountain Estate Original Black Tea Bags - 100 Ct', '2.26');
insert into Product (product_id, name, price) values ('98733944252511', 'Hanover The Silver Line Broccoli Floret', '7.96');
insert into Product (product_id, name, price) values ('93215669672857', 'Hood Cultured Fat Free Buttermilk', '1.92');
insert into Product (product_id, name, price) values ('27246049874361', 'Covergirl Outlast All-day Lipcolor 517 Red Hot', '12.48');
insert into Product (product_id, name, price) values ('01388807967198', 'Birds Eye Steamfresh Whole Grain Brown Rice', '1.12');
insert into Product (product_id, name, price) values ('65683420691040', 'Jones Hearty Pork Sausage Links', '6.75');
insert into Product (product_id, name, price) values ('78703264742592', 'Careone Cocoa Butter Lotion', '58.06');
insert into Product (product_id, name, price) values ('97148571579968', 'Olay Regenerist Night Recovery Cream 1.7 Oz', '60.00');
insert into Product (product_id, name, price) values ('75270622377126', 'Knorr Pasta Sides Alfredo', '29.56');
insert into Product (product_id, name, price) values ('13173366405815', 'Snack Pack Chocolate Fudge Pudding - 4 Ct', '25.56');
insert into Product (product_id, name, price) values ('55919255533034', 'Munchies Cheese Fix Rold Gold, Doritos, Cheetos, Sun Chips Snack Mix', '17.22');
insert into Product (product_id, name, price) values ('17139815792818', 'Russell Stover Strawberry Cream Egg In Milk Chocolate', '15.90');
insert into Product (product_id, name, price) values ('99250009348205', 'Lofthouse Frosted Sugar Cookies - 10 Ct', '46.15');
insert into Product (product_id, name, price) values ('69020380518665', 'Betty Crocker Happy Birthday Candles - 13 Ct', '37.13');
insert into Product (product_id, name, price) values ('99743870563327', 'Salonpas-hot Capsicum Patch', '22.44');
insert into Product (product_id, name, price) values ('13017764501523', 'Pepsi Max Zero Calorie', '37.89');
insert into Product (product_id, name, price) values ('07160246177906', 'Kellogg''s Eggo Strawberry Waffles- 10 Ct', '10.04');
insert into Product (product_id, name, price) values ('98527846983818', 'Applied Nutrition Green Tea Fat Burner Dietary Supplement Tablets - 40 Ct', '51.28');
insert into Product (product_id, name, price) values ('02762349912774', 'Fungi Nail Maximum Strength Anti-fungal Solution', '6.78');
insert into Product (product_id, name, price) values ('17837262188238', 'Turkey Hill Lemonade', '4.86');
insert into Product (product_id, name, price) values ('85663512308185', 'Eo Products Shower Gel Soothing French Lavender - 16 Fl Oz', '36.31');
insert into Product (product_id, name, price) values ('73910468296872', 'Maier''s Premium Italian Kaiser Rolls - 8 Ct', '10.22');
insert into Product (product_id, name, price) values ('58903851996659', 'Fage Total 0% All Natural Mango Guanabana Nonfat Greek Strained Yogurt', '56.34');
insert into Product (product_id, name, price) values ('78318982112013', 'Ahold Homestyle Mushroom Gravy', '6.78');
insert into Product (product_id, name, price) values ('89433781719286', 'Wise New York Deli Potato Chips Kettle Cooked Jalapeno', '6.27');
insert into Product (product_id, name, price) values ('41700385107281', 'Gatorade Fit Series 03 Recover Strawberry Banana Protein Restorative Smoothie', '44.66');
insert into Product (product_id, name, price) values ('25394639091688', 'Ahold Instant Mashed Potatoes Sour Cream & Chive - 2 Ct', '24.67');
insert into Product (product_id, name, price) values ('70396937274087', 'Bausch + Lomb Re-nu Fresh Multi-purpose Solution', '56.09');
insert into Product (product_id, name, price) values ('59844717358656', 'Nature''s Promise Milk Chocolate Sea Salt Caramels', '5.18');
insert into Product (product_id, name, price) values ('42523984162291', 'Goya Chicken Bouillon Powdered', '58.85');
insert into Product (product_id, name, price) values ('73481172490965', 'Snack Pack Juicy Gels Strawberry - 4 Pk', '50.80');
insert into Product (product_id, name, price) values ('80852704490762', 'Chore Boy Golden Fleece Scrubbing Cloths - 2 Ct', '32.08');
insert into Product (product_id, name, price) values ('46219593431993', 'The Better Chip Corn With Sea Salt Corn Chips', '37.16');
insert into Product (product_id, name, price) values ('63173799150513', 'Peanut Butter & Co. All Natural Old Fashioned Peanut Butter Cookies Baking Mix', '38.76');
insert into Product (product_id, name, price) values ('41087719915160', 'Lean Cuisine Culinary Collection Sesame Chicken', '2.29');
insert into Product (product_id, name, price) values ('28763468757361', 'The Buffalo Guys Ground Buffalo Burgers 1/4 Lb Ea', '49.89');
insert into Product (product_id, name, price) values ('87974874277776', 'Jeanmarie Creations Valentine Gift Box', '53.56');
insert into Product (product_id, name, price) values ('30423907957284', 'Peppers Bell Green', '38.34');
insert into Product (product_id, name, price) values ('59483086172713', 'Donald Duck Original No Pulp 100% Pure Orange Juice', '10.13');
insert into Product (product_id, name, price) values ('67523968709619', 'Campbell''s Homestyle Soup Southwest-style Potato With Green Chilies & Cheese', '31.04');
insert into Product (product_id, name, price) values ('35302021986454', 'Stp Fuel Injector & Carburetor Treatment', '37.57');
insert into Product (product_id, name, price) values ('86839158619023', 'Belgioioso Parmesan Cheese Freshly Shredded', '48.01');
insert into Product (product_id, name, price) values ('98108618778873', 'Ahold Cranberry Bread', '59.52');
insert into Product (product_id, name, price) values ('96529456880291', 'Careone Super Tampons - 20 Ct', '12.95');
insert into Product (product_id, name, price) values ('07378751814769', 'Grapes Green Seedless Organic', '21.41');
insert into Product (product_id, name, price) values ('78796532209168', 'Learning Curve 6+mo Stacking Cups', '46.17');
insert into Product (product_id, name, price) values ('12294096867478', 'Scotch Permanent Mounting Tape', '19.29');
insert into Product (product_id, name, price) values ('86781581948908', 'Morton Pet Care Ice Melt Safe T Pet', '32.91');
insert into Product (product_id, name, price) values ('60288057930908', 'Blake''s Chicken Pot Pie', '4.12');
insert into Product (product_id, name, price) values ('94247234453369', 'Mee Tu Wasabi Peas Specialty Asian Snax', '7.95');
insert into Product (product_id, name, price) values ('74596792551937', 'Goodnites Bedtime Underwear Boys S-m - 31 Ct', '11.82');
insert into Product (product_id, name, price) values ('98408416432766', 'Melon Galia', '21.25');
insert into Product (product_id, name, price) values ('35017669457466', 'Carolina Rice', '57.64');
insert into Product (product_id, name, price) values ('93808348462621', 'Nature''s Way Kelp 600mg Capsules - 100 Ct', '43.75');
insert into Product (product_id, name, price) values ('64890559215698', 'Earth Balance Organic Coconut Spread', '10.37');
insert into Product (product_id, name, price) values ('30229213497602', 'Gerber Smart Nourish 2nd Foods Organic Apple Sweet Potato - 2ct', '47.48');
insert into Product (product_id, name, price) values ('92240903648813', 'Cheerios Protein Cereal Cinnamon Almond', '30.75');
insert into Product (product_id, name, price) values ('44978046334261', 'Fiber Choice Bone Health Prebiotic Fiber Supplement Sugar-free Chewable Tablets Assorted Berry - 90 Ct', '15.55');
insert into Product (product_id, name, price) values ('38042956439130', 'Naturally Delicious Raspberry Vinaigrette Dressing Light', '9.93');
insert into Product (product_id, name, price) values ('95086242263843', 'Softsoap Sweet Honeysuckle & Orange Peel Bar Soap- 4 Pk', '54.74');
insert into Product (product_id, name, price) values ('74731395552972', 'Domo Mystery Minis Vinyl Figures', '38.41');
insert into Product (product_id, name, price) values ('87838879871414', 'International Collection Walnut Oil', '4.67');
insert into Product (product_id, name, price) values ('16063475958867', 'Utz Jumbo Lunch Box Variety Pack - 22 Ct', '59.71');
insert into Product (product_id, name, price) values ('24258006346774', 'Sobe Lifewater Kiwi Cherimoya', '55.31');
insert into Product (product_id, name, price) values ('09409960074287', 'Artskills Neon Board - 2 Ct', '58.46');
insert into Product (product_id, name, price) values ('57453260005506', 'Delallo Super Select Hot Cauliflower', '52.06');
insert into Product (product_id, name, price) values ('49636344107471', 'Dominex Angelbowls Vegetable Bruschetta & Mozzarella', '29.04');
insert into Product (product_id, name, price) values ('93769523816171', 'Zak Easy Grip Flatware Nickelodeon Teenage Mutant Ninja Turtles', '56.96');
insert into Product (product_id, name, price) values ('45361382682424', 'Tylenol Extra Strength Acetaminophen Pain Reliever - 50 Caplets', '0.51');
insert into Product (product_id, name, price) values ('17330222646347', 'Purell Advanced Hand Sanitizer Refreshing Gel  8 Oz. Plus 2 Oz. Free', '38.71');
insert into Product (product_id, name, price) values ('79611323537852', 'Chloraseptic Sore Throat Portable Spray Cherry', '27.89');
insert into Product (product_id, name, price) values ('57099872711616', 'Prince Michel Horizons Merlot Wine', '49.43');
insert into Product (product_id, name, price) values ('13832538780651', 'Bob Evans Everyday Classics Sausage & Cheese Sandwiches - 6 Ct', '3.50');
insert into Product (product_id, name, price) values ('01375915992212', 'Thicker Fuller Hair Instantly Thick Serum', '31.14');
insert into Product (product_id, name, price) values ('84339428635156', 'Quaker Instant Oatmeal Bakery Favorites - Apple Crisp, Cinnamon Roll, Banana Bread Flavor Packets', '7.45');
insert into Product (product_id, name, price) values ('43129371035019', 'Santa Barbara Olive Co. Pimento Martini Olives', '31.21');
insert into Product (product_id, name, price) values ('95078567522110', 'Ahold Spearmint Starlights Hard Candy', '51.81');
insert into Product (product_id, name, price) values ('22351735317653', 'Nature''s Promise Organics Organic Baby Arugula', '34.42');
insert into Product (product_id, name, price) values ('48586879777076', 'Pillsbury Crescent Seamless Dough Sheet', '5.92');
insert into Product (product_id, name, price) values ('53983713924125', 'Daisy Low Fat Cottage Cheese Small Curd 2% Milk Fat', '42.97');
insert into Product (product_id, name, price) values ('60514839737384', 'Wolfgang Puck Organgic Soup Hearty Lentil Vegetable', '16.51');
insert into Product (product_id, name, price) values ('99256639967238', 'Manischewitz Passover Egg Matzo Crackers', '0.24');
insert into Product (product_id, name, price) values ('98173372141244', 'Batchelors Bigga Marrowfat Processed Peas', '36.90');
insert into Product (product_id, name, price) values ('62265176655058', 'Pringles Multigrain Crisps Sour Cream & Onion', '54.43');
insert into Product (product_id, name, price) values ('94943160042158', 'Poochie Naturals Dog Treats Steak Strips', '27.65');
insert into Product (product_id, name, price) values ('21892099912089', 'Baby Magic Gentle Baby Lotion Soft Cotton Blooms', '51.02');
insert into Product (product_id, name, price) values ('77292718355120', 'Aurora Natural Sunflower Seeds', '4.75');
insert into Product (product_id, name, price) values ('66598233281493', 'Heinz Reduced Sugar Tomato Ketchup', '4.91');
insert into Product (product_id, name, price) values ('88091681461147', 'Centrum Flavor Burst Wild Grape Multivitamin/multimineral Supplement Adult Chews - 120 Ct', '4.70');
insert into Product (product_id, name, price) values ('90770798857858', 'Burgers By Amylu Spinach & Cheddar Chicken Burgers With Caramelized Onions - 2 Ct', '59.21');
insert into Product (product_id, name, price) values ('53612027390171', 'Onions Cipollini', '41.24');
insert into Product (product_id, name, price) values ('28521069425972', 'Fit Fruit & Vegetable Wash', '6.35');
insert into Product (product_id, name, price) values ('15168301562986', 'Paste Tmo Basil', '50.57');
insert into Product (product_id, name, price) values ('15873306502020', 'Mcconnell''s Fine Ice Creams Vanilla Bean', '11.39');
insert into Product (product_id, name, price) values ('65310807776866', 'Companion Stainless Steel Bowl', '11.19');
insert into Product (product_id, name, price) values ('38502019790482', 'Ghirardelli Premium Hot Cocoa Double Chocolate', '58.86');
insert into Product (product_id, name, price) values ('54404428504390', 'Stride Id Sugar Free Gum Berrymelon - 14 Ct', '18.21');
insert into Product (product_id, name, price) values ('53388065262045', 'L''eggs Silken Mist Pantyhose Control Top Silky Sheer Leg B Jet Black', '46.81');
insert into Product (product_id, name, price) values ('73490170339463', 'King''s Hawaiian Hamburger Buns Original Hawaiian Sweet - 6 Ct', '16.10');
insert into Product (product_id, name, price) values ('52014101622390', 'Tropicana Juice Beverage Lemonade', '48.12');
insert into Product (product_id, name, price) values ('89045561423698', 'Ahold Sharp Cheddar 2% Milk Finely Shredded', '57.21');
insert into Product (product_id, name, price) values ('99682498998873', 'Sneaky Pete''s Oatstanding Beverage Mango Mystique', '32.59');
insert into Product (product_id, name, price) values ('04958187092487', 'Prince Pasta Portions Enriched Macaroni Product Curly Elbow Boil-in-bag - 3 Ct', '33.06');
insert into Product (product_id, name, price) values ('67331518321852', 'Lifestyles Pleasure Collection Premium Lubricated Condoms - 30 Ct', '15.58');
insert into Product (product_id, name, price) values ('23324550823754', 'Jell-o Gelatin Snacks Raspberry - 4 Ct', '41.39');
insert into Product (product_id, name, price) values ('68817563584460', 'K-9 Cookhouse 10-inch Duck Wrapped Retriever', '36.28');
insert into Product (product_id, name, price) values ('06459976352385', 'Atkins Day Break Cinnamon Bun Bar - 5 Ct', '36.88');
insert into Product (product_id, name, price) values ('04400465302020', 'Spectrum Essentials Organic Flax Oil Omega-3 Ultralignan With Vitamin D', '57.87');
insert into Product (product_id, name, price) values ('11277871596640', 'Bantry Bay Premium Seafoods Seafood Paella', '53.83');
insert into Product (product_id, name, price) values ('00759959965772', 'Lubriderm Moisturizer With Sunscreen Advanced Therapy Lotion', '26.52');
insert into Product (product_id, name, price) values ('22004811494465', 'Natural Brew Draft Root Beer - 4 Ct', '57.82');
insert into Product (product_id, name, price) values ('60392909210750', 'Marzetti All Natural Salad Dressing Asiago Peppercorn', '34.70');
insert into Product (product_id, name, price) values ('09587656098594', 'Zatarain''s Alfredo Blackened Chicken New Orleans Style', '10.81');
insert into Product (product_id, name, price) values ('13113767186384', 'Cosmo''s Hot Stuffed Peppers', '26.08');
insert into Product (product_id, name, price) values ('98234096722516', 'Tide + Bleach Alternative Original', '55.31');
insert into Product (product_id, name, price) values ('26137742166661', 'Rainbow Light Protein Engergizer Chocolate', '12.99');
insert into Product (product_id, name, price) values ('23620603303302', 'Heartland Meadow Natural Angus Beef Ribeye Steak', '44.99');
insert into Product (product_id, name, price) values ('56860275774125', 'Goody Comb With Control Easy Hold Detangling Comb', '50.02');
insert into Product (product_id, name, price) values ('94707753495160', 'Ahold Soup Gazpacho', '49.66');
insert into Product (product_id, name, price) values ('88430029071855', 'Fruit2o Flavored Water Beverage Natural Strawberry - 6 Ct', '15.39');
insert into Product (product_id, name, price) values ('14820900305332', 'Propel Zero Water Beverage Nutrient Enhanced Zero Calorie Mandarin Orange - 6 Pk', '21.78');
insert into Product (product_id, name, price) values ('85804560286111', 'Ben & Jerry''s Ice Cream Cheesecake Brownie', '32.13');
insert into Product (product_id, name, price) values ('13353586018388', 'R.w. Knudsen Juice Just Black Currant', '3.21');
insert into Product (product_id, name, price) values ('95839534453431', 'Langers Cranberry Plus 100% Juice', '16.43');
insert into Product (product_id, name, price) values ('69911244684218', 'Harmonies Whole Grain Chips Cinnamon Toast', '49.67');
insert into Product (product_id, name, price) values ('87313236115138', 'Pumpkin Plastic Bucket', '48.26');
insert into Product (product_id, name, price) values ('78062051676055', 'Garnier Fructis Fortifying Color Shield Shampoo For Color-treated Hair', '15.71');
insert into Product (product_id, name, price) values ('52405959262739', 'Crayola Kids'' Paint Washable Classic Colors - 10 Ct', '12.82');
insert into Product (product_id, name, price) values ('77145590367796', 'Elite Instant 100% Pure Coffee', '15.17');
insert into Product (product_id, name, price) values ('49987505408192', 'Right Guard Total Defense 5 Power Gel Arctic Refresh Deodorant', '52.74');
insert into Product (product_id, name, price) values ('65898878092283', 'Nature''s Bounty Calcium Plus Vitamin D3 Mineral Supplement Softgels', '40.58');
insert into Product (product_id, name, price) values ('42871587625948', 'Ensure Muscle Health Revigor Homemade Vanilla Shake - 4 Pk', '3.62');
insert into Product (product_id, name, price) values ('23977467373070', 'Clearly Natural Essentials Glycerine Hand Soap Vitamin E', '43.30');
insert into Product (product_id, name, price) values ('61362533704760', 'Bone-in French Cut Pork Rib Roast', '16.44');
insert into Product (product_id, name, price) values ('92784304557562', 'Kiwi 54'''' Sport Laces Flat Black - 1 Ct', '42.08');
insert into Product (product_id, name, price) values ('87989990209873', 'Seventh Generation Foaming Baby Shampoo & Wash', '14.27');
insert into Product (product_id, name, price) values ('68966966097268', 'Ahold Meat Lasagna Family Size', '23.62');
insert into Product (product_id, name, price) values ('94370454362742', 'Oreo Handi-snacks Packs Cookie Sticks ''n Creme Dip - 6 Pk', '12.99');
insert into Product (product_id, name, price) values ('41785405621397', 'My Boy''s Baking Biscotti Chocolate Chip Toffee Pecan', '58.05');
insert into Product (product_id, name, price) values ('45178179390871', 'Cuetara Campechanas Palmeritas Crisp Palm Leaf Cookies', '43.50');
insert into Product (product_id, name, price) values ('76776955667836', 'Snyder''s Of Hanover Pretzel Dips Hershey''s Milk Chocolate', '58.21');
insert into Product (product_id, name, price) values ('14637753059135', 'Starburst Crazy Beans', '50.78');
insert into Product (product_id, name, price) values ('66595459124868', 'Hillshire Farm Deli Select Honey Ham With Water Added Ultra Thin', '42.56');
insert into Product (product_id, name, price) values ('56421809154726', 'Scotch Super Glue Liquid Fine Tip - 2 Ct', '36.59');
insert into Product (product_id, name, price) values ('29818477282222', 'Newman''s Own Organics Licorice Twists Sour Apple', '16.46');
insert into Product (product_id, name, price) values ('57099074269061', 'Chiquita Banana Bread Mix', '42.01');
insert into Product (product_id, name, price) values ('98955355563905', 'New England Naturals Antioxidant Organic Granola With Superfruit Berries And Vanilla', '45.53');
insert into Product (product_id, name, price) values ('60298480277259', 'Ahold Light Vegetable & Rice Soup', '49.48');
insert into Product (product_id, name, price) values ('17108980550892', 'Pic Citronella Plus Mosquito Repellent Diffuser', '41.16');
insert into Product (product_id, name, price) values ('20605577847315', 'Digiorno Garlic Bread Pizza Four Cheese', '46.86');
insert into Product (product_id, name, price) values ('64018798578686', 'Kraft Recipe Makers Cooking Sauces Skillet Recipe Tex-mex Chicken Fajita', '26.36');
insert into Product (product_id, name, price) values ('84413277644724', 'Sparkling Ice Lemonade Raspberry Lemonade', '11.72');
insert into Product (product_id, name, price) values ('87881778484575', 'Classic Cooking Spanish Rice Casserole', '36.22');
insert into Product (product_id, name, price) values ('13214642589561', 'Passage To India Simmer Sauce Korma Mild', '40.95');
insert into Product (product_id, name, price) values ('18409608285540', 'Kraft Mexican Style Finely Shredded Four Cheese', '1.94');
insert into Product (product_id, name, price) values ('27818570156711', 'Giant Peach Iced Tea Sugar Free Drink Mix- 6 Ct', '48.04');
insert into Product (product_id, name, price) values ('23314265319132', 'Ahold 2nd Stage Baby Food Apples - 2 Ct', '14.64');
insert into Product (product_id, name, price) values ('25299811321804', 'Noodle Qck Meal Pad Thai', '9.14');
insert into Product (product_id, name, price) values ('15444386993010', 'Just Basic Headwraps - 6 Ct', '49.86');
insert into Product (product_id, name, price) values ('51402198094217', 'Marie''s Dressing & Dip With Real Premium Ingredients Chunky Blue Cheese', '45.89');
insert into Product (product_id, name, price) values ('22574575928025', 'Jimmy Dean Delights Honey Wheat Flatbread Turkey Sausage, Egg & Cheese - 4 Ct', '1.67');
insert into Product (product_id, name, price) values ('78381493653828', 'Fruit Rush Fruit Drink Orange', '32.14');
insert into Product (product_id, name, price) values ('48203642515398', 'Advil Ibuprofen Tablets - 20 Ct', '0.16');
insert into Product (product_id, name, price) values ('33859487599537', 'Garelick Farms Dairy Pure Milk 1% Lowfat', '29.74');
insert into Product (product_id, name, price) values ('30070132009042', 'Goody Mini Series All Purpose Brush', '44.22');
insert into Product (product_id, name, price) values ('24578336662867', 'Breakstone''s 2% Milkfat Lowfat Cottage Cheese', '10.75');
insert into Product (product_id, name, price) values ('10625959196364', 'Airboss One Drop All Purpose Household Deodorizer', '13.58');
insert into Product (product_id, name, price) values ('98351597603938', 'Ajax Super Degreaser Lemon Dish Liquid', '19.93');
insert into Product (product_id, name, price) values ('21334951754417', 'American Farmer Skinny N''light Kettle Popped Corn', '22.45');
insert into Product (product_id, name, price) values ('04476728226518', 'Koops'' Mustard Original Yellow', '4.86');
insert into Product (product_id, name, price) values ('39742477893507', 'Edy''s Rich & Creamy Grand Ice Cream Nestle Butterfinger', '43.52');
insert into Product (product_id, name, price) values ('67400604822574', 'Nescafe Taster''s Choice French Roast Instant Coffee - 6 Ct', '1.94');
insert into Product (product_id, name, price) values ('02007080130850', 'Secret Scent Expressions Va-va Vanilla Antiperspirant Deodorant', '44.37');
insert into Product (product_id, name, price) values ('94069879670008', 'Aleve Pain Reliever/fever Reducer Caplets - 50 Ct', '7.85');
insert into Product (product_id, name, price) values ('87761102397180', 'Fresh Gourmet Crispy Onions Garlic Pepper', '34.00');
insert into Product (product_id, name, price) values ('60348647871597', 'Smart Living 4.125" X 9.5" Security Envelopes - 36 Ct', '26.16');
insert into Product (product_id, name, price) values ('38551315536906', 'Nestle Butterfinger Pieces In Milk Chocolate Bar', '52.15');
insert into Product (product_id, name, price) values ('47688930240828', 'King Syrup Golden', '30.74');
insert into Product (product_id, name, price) values ('24156702296196', 'Kraft Miracle Whip Dressing With Olive Oil', '59.01');
insert into Product (product_id, name, price) values ('57615516877997', 'Careone Acid Reducer Tablets Original Strength - 60 Ct', '30.74');
insert into Product (product_id, name, price) values ('57228981235106', 'Clairol Nice ''n Easy 5g Medium Golden Brown Permanent Haircolor', '59.58');
insert into Product (product_id, name, price) values ('76219270747532', 'Good ''n Natural Bar Peanut Butter', '56.18');
insert into Product (product_id, name, price) values ('54412269974736', 'Skittles Blenders Bite Size Candies', '7.70');
insert into Product (product_id, name, price) values ('52658154237546', 'Genisoy Southern Style Chunky Peanut Butter Fudge Soy Protein Bar', '43.46');
insert into Product (product_id, name, price) values ('54587673540803', 'L''oreal  Paris Hair Expertise Everpure Smooth Conditioner', '4.19');
insert into Product (product_id, name, price) values ('43998820233513', 'Simply Enjoy Earl Grey Lavender Loose Organic Black Tea', '6.18');
insert into Product (product_id, name, price) values ('91024358065579', 'Superior Nut & Candy Yogurt Raisins', '59.78');
insert into Product (product_id, name, price) values ('48709747931749', 'Domino Sugar Pourable Light Brown', '8.03');
insert into Product (product_id, name, price) values ('56681437701095', 'Playtex Gentle Glide 360 Degree Tampons Plastic Super  - 18ct', '37.18');
insert into Product (product_id, name, price) values ('66201337598096', 'Corningware Etch Square Baker With Glass Lid Brick - 1.5 Qt', '21.06');
insert into Product (product_id, name, price) values ('24370142071764', 'Odense Almond Paste Coconut', '52.17');
insert into Product (product_id, name, price) values ('43304889134287', '4c Totally Light Sugar Free Energy Rush Strawberry Tea 2 Go Packets - 14 Ct', '30.59');
insert into Product (product_id, name, price) values ('81877387556781', 'Franzia House Wine Favorites Sunset Blush', '41.25');
insert into Product (product_id, name, price) values ('91400602637026', 'Bob''s Red Mill Granola Cinnamon Raisin', '8.80');
insert into Product (product_id, name, price) values ('41342371544734', 'Folgers Classic Roast Ground Coffee Refill Pack Medium', '6.72');
insert into Product (product_id, name, price) values ('27981733431023', 'Aleia''s Oatmeal Raisin Cookies Gluten Free', '37.49');
insert into Product (product_id, name, price) values ('05755248422297', 'Starbucks Whole Bean Coffee Dark Espresso Roast', '47.67');
insert into Product (product_id, name, price) values ('56240427529533', 'Ben & Jerry''s Stephen Colbert''s Americone Dream Ice Cream Vanilla', '27.53');
insert into Product (product_id, name, price) values ('28530865139579', 'Sprite 12 Oz Lemon-lime Soda 30 Pk', '49.56');
insert into Product (product_id, name, price) values ('49113188523239', 'Air Wick Scented Reed Diffuser Lavender & Chamomile', '47.49');
insert into Product (product_id, name, price) values ('14190969655488', 'Uncle Ben''s Garden Vegetable Ready Rice', '41.79');
insert into Product (product_id, name, price) values ('10338897053648', 'General Mills Cheerios Cereal', '37.88');
insert into Product (product_id, name, price) values ('53762087038747', 'Dr. Mcdougall''s Right Foods Lower Sodium Vegan Soup Chinese Noodle', '2.72');
insert into Product (product_id, name, price) values ('45572342462578', 'Gerber Graduates Sip & Smile Soft Spout Spill-proof Cups', '10.79');
insert into Product (product_id, name, price) values ('72887000452502', 'Bc Aspirin Powder Arthritis Pain - 50 Ct', '58.33');
insert into Product (product_id, name, price) values ('12456386199224', 'Earth''s Best French Toast Sticks Homestyle - 32 Ct', '36.59');
insert into Product (product_id, name, price) values ('06457712399206', 'Hallmark Party Napkins Luncheon 2-ply Bastin Day Of Gratitude', '24.50');
insert into Product (product_id, name, price) values ('16827984755991', 'Huggies Overnite Diapers Step 4 Big Pack 60', '4.38');
insert into Product (product_id, name, price) values ('24185365953083', 'Enfamil Gentlease Infant Formula For Fusiness, Gas & Crying Powder Pouches - 2 Ct', '14.15');
insert into Product (product_id, name, price) values ('99284145087846', 'Dannon Oikos Vanilla Greek Nonfat Yogurt - 4 Ct', '49.14');
insert into Product (product_id, name, price) values ('77087311673867', 'Russell Stover Assorted Fine Chocolates Individually Wrapped', '36.09');
insert into Product (product_id, name, price) values ('61611325913327', 'Campbell''s Microwaveable Soup Container', '51.99');
insert into Product (product_id, name, price) values ('46916370395918', 'Hero Raspberry Fruit Spread', '19.87');
insert into Product (product_id, name, price) values ('13624619143605', 'Farberware Barbeque Sauce Pan And Basting Brush', '43.66');
insert into Product (product_id, name, price) values ('76161117574938', 'Certified Angus Beef Fully Cooked Prime Rib', '17.39');
insert into Product (product_id, name, price) values ('12155563494997', 'Mariani All Natural Premium Blanched Slivered Almonds', '12.85');
insert into Product (product_id, name, price) values ('82462064642913', 'Mucinexd Expectorant & Nasal Decongestant 12 Hour - 18 Ct', '14.20');
insert into Product (product_id, name, price) values ('21267730660293', 'B&m Home Style Baked Beans', '1.66');
insert into Product (product_id, name, price) values ('79476741592731', 'Glad Designer Series Plastic Containers And Lids Medium Rectangle 3-cups - 4 Ct', '39.04');
insert into Product (product_id, name, price) values ('64804479315405', 'Samuel Adams Boston Lager - 12 Ct', '13.18');
insert into Product (product_id, name, price) values ('99957714986071', 'Salon Selectives Smooths & Shines Color Safe Shampoo', '40.58');
insert into Product (product_id, name, price) values ('75328067401330', 'Nature''s Way Garlic Bulb 580mg Capsules - 100 Ct', '21.72');
insert into Product (product_id, name, price) values ('63311969682589', 'Bob Evans Pork Sausage Links Original - 24 Ct', '17.35');
insert into Product (product_id, name, price) values ('81652036932134', 'Pei Mussels Farm Raised', '2.60');
insert into Product (product_id, name, price) values ('61624642292007', 'Tena Serenity Heavy Absorbency Long Pads - 42 Ct', '35.74');
insert into Product (product_id, name, price) values ('38335564896607', 'Guaranteed Value Garlic Powder', '43.46');
insert into Product (product_id, name, price) values ('35047281436013', 'Fun Treats Viva Ice Pops', '2.46');
insert into Product (product_id, name, price) values ('36347732290600', 'Kashi Indigo Morning Cereal', '17.26');
insert into Product (product_id, name, price) values ('09530108958705', 'Kleenex Brand Tissue Sneeze Shield - 3 Pk', '15.82');
insert into Product (product_id, name, price) values ('87911644315241', 'Olay Regenerist Regenerating Cream Cleanser Skin Care 5 Fl Oz', '19.12');
insert into Product (product_id, name, price) values ('14072719932056', 'Nabisco Golden Oreo Cakesters Soft Snack Cakes - 14 Ct', '13.26');
insert into Product (product_id, name, price) values ('78173240321426', 'Vidal Sassoon No-metal Peace Sign/plain Elastics - 15 Ct', '47.52');
insert into Product (product_id, name, price) values ('47490634425485', 'Boiron Cimicifuga Racemosa 30 C - 80 Ct', '14.77');
insert into Product (product_id, name, price) values ('02109878709062', 'Lysol No-touch Sparkling Shimmering Berry Scent Antibacterial Hand Soap Refill', '9.24');
insert into Product (product_id, name, price) values ('26918758987241', 'Ahold Dark Chocolate Cranberries', '0.16');
insert into Product (product_id, name, price) values ('87824650514118', 'Fixodent Complete Fresh Mint Denture Adhesive Cream 2.4 Oz', '4.30');
insert into Product (product_id, name, price) values ('43987919894307', 'Cheetos Cheese Snacks Crunchy', '14.29');
insert into Product (product_id, name, price) values ('59921161874981', 'Huggies Pull-ups Learning Designs Training Pants 2t-3t 18-34lbs - 52 Ct', '52.09');
insert into Product (product_id, name, price) values ('06576263688730', 'Kraft Mozzarella 2% Milk Cheese Shredded', '52.21');
insert into Product (product_id, name, price) values ('01003152813147', 'Cracker Vivant', '20.18');
insert into Product (product_id, name, price) values ('33139022167317', 'Sun Chips 6 Grain Medley Creamy Roasted Garlic Chips', '45.99');
insert into Product (product_id, name, price) values ('07084369495655', 'Powerbar 20g Protein Plus Bar Vanilla', '55.05');
insert into Product (product_id, name, price) values ('03672558661157', 'Mello Smello Magnet Valentines Guitar Cards & Magnets - 16 Ct', '14.07');
insert into Product (product_id, name, price) values ('20187339514367', 'Utz Dips Ranch', '41.08');
insert into Product (product_id, name, price) values ('31255571848229', 'Skinny Cow Ice Cream Cones Vanilla Caramel - 4 Ct', '32.89');
insert into Product (product_id, name, price) values ('38284198237671', 'Oscar Mayer Deli Fresh Cajun Style Turkey Breast', '39.54');
insert into Product (product_id, name, price) values ('00086993749948', 'Ahold Italian Bread', '45.93');
insert into Product (product_id, name, price) values ('12458763496690', 'Glory Foods Seasoned Southern Style Purple Hull Peas', '41.09');
insert into Product (product_id, name, price) values ('06063934725769', 'Bumble Bee Sardines In Mustard', '15.44');
insert into Product (product_id, name, price) values ('07114516099756', 'Nature''s Way Dandelion Root 525mg - 100 Ct', '7.73');
insert into Product (product_id, name, price) values ('88635750737385', 'Powell & Mahoney Cocktail Mixer Blood Orange', '49.75');
insert into Product (product_id, name, price) values ('50772117481194', 'Ben & Jerry''s All Natural Vermont''s Finest Peanut Brittle Ice Cream', '13.04');
insert into Product (product_id, name, price) values ('09409376428548', 'La Yogurt Probiotic Rich & Creamy Low Fat Yogurt Mango', '4.02');
insert into Product (product_id, name, price) values ('68582048797961', 'Russell Stover Assorted Chocolates', '47.20');
insert into Product (product_id, name, price) values ('96910254559023', 'Colgate Optic White Dual Action Crystal Mint Toothpaste', '35.85');
insert into Product (product_id, name, price) values ('10673727935014', 'Pork Back Ribs Country Style Bone-in', '40.42');
insert into Product (product_id, name, price) values ('69011801599645', 'Pork Back Ribs Country Style Bone-in', '8.04');
insert into Product (product_id, name, price) values ('63237999364297', 'Ahold Pizza Dough - 2 Ct', '8.62');
insert into Product (product_id, name, price) values ('17364655578463', 'Aura Cacia Camphor (white)', '41.34');
insert into Product (product_id, name, price) values ('74798914874103', 'Skippy Natural Singles Peanut Butter Spread Creamy - 6 Ct', '5.37');
insert into Product (product_id, name, price) values ('05342706000884', 'Desert Essence Coconut Hand And Body Lotion', '8.40');
insert into Product (product_id, name, price) values ('79769581100766', 'Farm Rich Mozzarella Sticks', '59.45');
insert into Product (product_id, name, price) values ('85445694972721', 'Fantasia Argan Oil Curl Styling Pudding', '22.88');
insert into Product (product_id, name, price) values ('25909171469222', 'Delallo Super Select Hot Sliced Jalapenos', '23.77');
insert into Product (product_id, name, price) values ('33207195561099', 'Companion Hamster & Gerbil Food', '53.76');
insert into Product (product_id, name, price) values ('04237728023663', 'Nutri-vet Skin And Coat Health Care Wild Alaskan Salmon Oil For Dogs', '36.13');
insert into Product (product_id, name, price) values ('98544109683889', 'Glory Foods Sensibly Seasoned Blackeye Peas Lower Sodium', '57.08');
insert into Product (product_id, name, price) values ('33167690666194', 'Morning Star Farms Veggie Burgers Spicy Black Bean- 8 Ct', '12.53');
insert into Product (product_id, name, price) values ('69487692661374', 'Dial Island Mango Hand Sanitizer', '46.03');
insert into Product (product_id, name, price) values ('53378491018702', 'Vidal Sassoon Sure Grip Clix Animal Print - 6 Ct', '1.75');
insert into Product (product_id, name, price) values ('18378055700730', 'Careone Hydrogen Peroxide Solution', '28.26');
insert into Product (product_id, name, price) values ('87599517404839', 'Ahold Veggietales Fruit Flavored Snacks Assorted - 6 Ct', '59.06');
insert into Product (product_id, name, price) values ('46695359449078', 'Aurora Natural Granola Vanilla Crunch', '9.54');
insert into Product (product_id, name, price) values ('03247346557931', 'Berkley Green  Multi-surface Cleaner Free & Clear', '16.01');
insert into Product (product_id, name, price) values ('05254056661181', 'Philips Avent Pacifier - 0-6m', '58.30');
insert into Product (product_id, name, price) values ('41966350163845', 'Gerber 2nd Foods Applesauce', '42.38');
insert into Product (product_id, name, price) values ('38686244613247', 'V8 Splash Fruit Medley Juice', '19.86');
insert into Product (product_id, name, price) values ('39603748882060', 'Cosmo''s Hot Cherry Peppers', '2.10');
insert into Product (product_id, name, price) values ('04790663827637', 'Nutrition Now Pb 8 Pro-biotic Acidophilus For Life - 120 Capsules', '10.02');
insert into Product (product_id, name, price) values ('08721841069453', 'Gain Flings! 3 In 1 Detergent+oxi Boost+febreze Moonlight Breeze - 16 Ct', '13.93');
insert into Product (product_id, name, price) values ('00060729774053', 'Air Wick Scented Reed Diffuser Warm Apple Pie', '32.63');
insert into Product (product_id, name, price) values ('11145314430476', 'Candle-lite 12 In Candle Crimson', '10.64');
insert into Product (product_id, name, price) values ('81438733849653', 'Jimmy Dean Skillets Sausage', '9.17');
insert into Product (product_id, name, price) values ('38377959064238', 'Atkins Endulge Peanut Butter Cups - 5 Pk', '16.75');
insert into Product (product_id, name, price) values ('89044796916068', 'Giuliano Olive Antipasto Italian Style', '26.34');
insert into Product (product_id, name, price) values ('35611031083826', 'Guaranteed Value Apple Juice Cocktail', '18.98');
insert into Product (product_id, name, price) values ('28925719173554', 'Spray Mums Assorted', '19.05');
insert into Product (product_id, name, price) values ('80790721950663', 'Post-it Flags - 60 Ct', '38.58');
insert into Product (product_id, name, price) values ('04274217736200', 'Careone Moisturizing Body Wash La La Lavender', '3.75');
insert into Product (product_id, name, price) values ('74925858102005', 'P.f. Chang''s Home Menu Meal For 2 Shanghai Style Beef', '51.12');
insert into Product (product_id, name, price) values ('87110551919359', 'Martin''s Kettle-cook''d Hand Cooked Potato Chips', '15.04');
insert into Product (product_id, name, price) values ('77169447817823', 'Evercare Giant Lint Roller - 60 Ct', '50.28');
insert into Product (product_id, name, price) values ('59652746002331', 'Seventh Generation Natural Laundry Detergent Geranium Blossoms & Vanilla', '34.80');
insert into Product (product_id, name, price) values ('24560080571056', 'Tylenol Extra Strength Acetaminophen - 100 Caplets', '54.32');
insert into Product (product_id, name, price) values ('41036241777917', 'Marzetti Dressing Poppyseed Light', '42.79');
insert into Product (product_id, name, price) values ('81681482263262', 'Kraft Anything Dressing Zesty Italian Lite', '48.27');
insert into Product (product_id, name, price) values ('09805769668559', 'Mccormick Grill Mates Chicken Rub', '25.96');
insert into Product (product_id, name, price) values ('09309201260701', 'Softsoap Body Butter Coconut Scrub Body Buff Wash', '15.55');
insert into Product (product_id, name, price) values ('34650233624022', 'Pillsbury Halloween Funfetti Premium Brownie Mix 13 X 9 Pan Size', '49.04');
insert into Product (product_id, name, price) values ('27221142695132', 'Carnations Mini Assorted', '7.61');
insert into Product (product_id, name, price) values ('66154656216330', 'Cesar Sunrise Smoked Bacon & Egg Canine Cuisine', '4.05');
insert into Product (product_id, name, price) values ('85180571964913', 'Cake Mate Numeral 7 Birthday Candle', '46.44');
insert into Product (product_id, name, price) values ('33059843440547', 'Enerji Green Tea Energy Shot Berry - 12 Ct', '23.75');
insert into Product (product_id, name, price) values ('53935461823233', 'Pyrex No-leak Lids Multi Pack - 6 Ct', '19.81');
insert into Product (product_id, name, price) values ('38421304986133', 'Mama Rosie''s Round Cheese Ravioli - 80 Ct', '18.98');
insert into Product (product_id, name, price) values ('59560096695220', 'Swiss Miss Classics Rich Chocolate Hot Cocoa Mix - 10 Ct', '58.81');
insert into Product (product_id, name, price) values ('80143864369851', 'Florida''s Natural Orange Mango Juice', '24.07');
insert into Product (product_id, name, price) values ('93830134544583', 'Huggies Snug & Dry Disney Baby Stage 5 Diapers (over 27 Lb) - 24 Ct', '7.12');
insert into Product (product_id, name, price) values ('99195313521888', 'Uni-ball Vision Elite Blx Pen Blue/black', '40.33');
insert into Product (product_id, name, price) values ('43768593609500', 'Pyrex 4 Cup Glass Measuring Cup', '20.46');
insert into Product (product_id, name, price) values ('77763078430678', 'Apple & Eve Fruitables Tropical Orange Fruit & Vegetable Juice Beverage - 8 Pk', '40.32');
insert into Product (product_id, name, price) values ('96319425702873', 'Fuze Diet Lemon Iced Tea 20 Fl Oz', '44.30');
insert into Product (product_id, name, price) values ('35826441826296', 'Turkey Hill All Natural Recipe Vanilla Bean, Chocolate, & Butter Almond Philadelphia Style Ice Cream', '26.68');
insert into Product (product_id, name, price) values ('96827107699729', 'Neutrogena Naturals Purifying Cream Cleanser', '15.94');
insert into Product (product_id, name, price) values ('93951774622199', 'Beech Nut Stage 2 1/2 Homestyle Textures - 16 Ct', '51.50');
insert into Product (product_id, name, price) values ('04822289334134', 'Lindt Excellence Strawberry Dark Chocolate', '19.10');
insert into Product (product_id, name, price) values ('22106305404182', 'Nair Brazilian Spa Clay Total Care Face Trio', '5.64');
insert into Product (product_id, name, price) values ('28680848584376', 'Penn Championship Extra-duty Felt Tennis Balls - 3 Ct', '42.37');
insert into Product (product_id, name, price) values ('75884089487226', 'Beech Nut Homestyle Goodies Stage 4 Popped Rice Snack Vanilla Cream - 5 Ct', '6.19');
insert into Product (product_id, name, price) values ('35548923204003', 'Van Ness Eco Pet Bowl 8 Oz', '22.40');
insert into Product (product_id, name, price) values ('65754160328953', 'Porterhouse Steak', '13.28');
insert into Product (product_id, name, price) values ('41349553787186', 'Porterhouse Steak', '38.26');
insert into Product (product_id, name, price) values ('45403882875751', 'Freschetta Naturally Rising Crust Pizza Signature Pepperoni', '2.14');
insert into Product (product_id, name, price) values ('33780956922406', 'Oberweis Dairy Ice Cream Pie Peppermint', '31.26');
insert into Product (product_id, name, price) values ('83583106144292', 'Maple Leaf Farms Duck With Orange Sauce Packet', '47.69');
insert into Product (product_id, name, price) values ('96282843720951', 'Polar Calorie-free Seltzer Ruby Red Grapefruit', '28.74');
insert into Product (product_id, name, price) values ('34263268292457', 'Ahold Dry Roasted Peanuts With Sea Salt', '42.16');
insert into Product (product_id, name, price) values ('22500622079994', 'Sorrento Cheese Mozzarella', '7.59');
insert into Product (product_id, name, price) values ('89248864568448', 'Eo Products Volumizing Conditioner Rosemary And Mint - 8 Fl Oz', '14.48');
insert into Product (product_id, name, price) values ('52089787033075', 'Ahold Tuna Salad', '30.95');
insert into Product (product_id, name, price) values ('84034468605316', 'Gatorade G Series 01 Prime Cool Blue Energy Chews - 6 Ct', '0.46');
insert into Product (product_id, name, price) values ('71288706877276', 'Maia Inspired Nutrition Non-fat Greek Yogurt Vanilla Bean', '51.16');
insert into Product (product_id, name, price) values ('73406446745755', 'Rohto Arctic Redness Relief Lubricant Eye Drops', '44.09');
insert into Product (product_id, name, price) values ('46907262631376', 'Goo Gone Spray Gel', '51.73');
insert into Product (product_id, name, price) values ('54604650666862', 'Chocolates On Broadway Milk Chocolate Peanut Butter Melt-a-way', '30.38');
insert into Product (product_id, name, price) values ('31496750492909', 'Advil Junior Strength Ibuprofen Coated Tablets 100mg - 24 Ct', '16.76');
insert into Product (product_id, name, price) values ('15967395246906', 'Brookside Dark Chocolate Acai With Blueberry', '28.03');
insert into Product (product_id, name, price) values ('14217056680077', 'Smucker''s Strawberry Preserves', '45.53');
insert into Product (product_id, name, price) values ('11764236494677', 'Ziploc Smart Zip Sandwich Bags - 100 Ct', '10.58');
insert into Product (product_id, name, price) values ('90218687350340', 'On-cor Macaroni & Cheese', '20.98');
insert into Product (product_id, name, price) values ('43345963947101', 'Kraft Singles Skim Milk American Cheese Slices - 16 Ct', '20.25');
insert into Product (product_id, name, price) values ('68903376522647', 'Keebler Town House Flatbread Crisps Roasted Garlic', '20.08');
insert into Product (product_id, name, price) values ('48180094104196', 'Glaceau Vitamin Water Spark Grape-blueberry Nutrient Enhanced Water Beverage', '20.90');
insert into Product (product_id, name, price) values ('40594219692550', 'Wise Potato Chips Honey Bbq Flavored', '31.40');
insert into Product (product_id, name, price) values ('87624569080306', 'Lefty''s Spices Bbq Sauce Mild', '9.91');
insert into Product (product_id, name, price) values ('05723926751662', 'Glenny''s Classic Fruit & Nut Whole Fruit & Nut Bars - 5 Ct', '36.28');
insert into Product (product_id, name, price) values ('23105283511362', 'Wyler''s Light Water Enhancer Mixed Berry', '35.64');
insert into Product (product_id, name, price) values ('02629372807294', 'Scripto Aim ''n Flame Ii Wind Resistant Lighter', '29.31');
insert into Product (product_id, name, price) values ('60929652081199', 'Ravens Wood Zinfandel Vinters Blend California 2010', '38.65');
insert into Product (product_id, name, price) values ('19696029799015', 'Wonka Sweetarts Tangy Candy', '19.12');
insert into Product (product_id, name, price) values ('53016461181349', 'Lipton Pureleaf All Natural Raspberry Iced Tea', '42.17');
insert into Product (product_id, name, price) values ('40262715971420', 'Sargento Snacks Colby-jack Cheese Sticks Fridge Pack - 18 Ct', '11.17');
insert into Product (product_id, name, price) values ('68751155687005', 'M&m''s Minis Milk Chocolate Candies', '22.22');
insert into Product (product_id, name, price) values ('44873405915128', 'Coppertone Tanning Lotion Sunscreen Spf 8', '6.68');
insert into Product (product_id, name, price) values ('34056903925903', 'Brite Concepts Stainless Steel Washing Machine Lint Traps - 3 Ct', '36.63');
insert into Product (product_id, name, price) values ('04966918123335', 'Maynards Bassett''s Liquorice Allsorts Candy', '58.67');
insert into Product (product_id, name, price) values ('97390061122945', 'Ahold  Infant Formula With Iron Advantage', '32.61');
insert into Product (product_id, name, price) values ('54001808204935', 'Refresh Your Car! Odor Eliminating Scented Oil Wick Cucumber Melon', '9.95');
insert into Product (product_id, name, price) values ('97737367509333', 'Gold Peak Diet Iced Tea', '22.66');
insert into Product (product_id, name, price) values ('55536810237968', 'Yoplait Greek Blended Fat Free Yogurt Pineapple', '52.49');
insert into Product (product_id, name, price) values ('52408655566176', 'Bachman Brick Oven Flame-baked Original Butter Twist Pretzels', '48.10');
insert into Product (product_id, name, price) values ('27891796966804', 'Ahold Dried Cranberries', '41.79');
insert into Product (product_id, name, price) values ('94980875674475', 'Lysol Automatic Toilet Bowl Cleaner With Bleach Lime Scent - 2 Ct', '54.18');
insert into Product (product_id, name, price) values ('42831603789972', 'San Giorgio Enriched Macaroni Product Pot Pie Bows', '23.50');
insert into Product (product_id, name, price) values ('38760596333414', 'Davinci Spinach Nests 100% Duram Wheat Semolina Macaroni', '1.73');
insert into Product (product_id, name, price) values ('11356880232909', 'V8 V-fusion Vegetable And Fruit Juice Concord Grape Raspberry - 6 Ct', '15.36');
insert into Product (product_id, name, price) values ('79457697296225', 'Ahold Small Red Beans', '36.08');
insert into Product (product_id, name, price) values ('26630453284600', 'Chicken Helper Ultimate Cheddar Broccoli', '33.58');
insert into Product (product_id, name, price) values ('33465829067429', 'Purina Fancy Feast Seafood Feast Classic Gourmet Cat Food', '25.33');
insert into Product (product_id, name, price) values ('47879472445415', 'Carolina Rice Brown Rice Whole Grain', '59.88');
insert into Product (product_id, name, price) values ('80587012468159', 'Dockside Classics Pretzel Coated Crab Bites', '8.07');
insert into Product (product_id, name, price) values ('62879052815147', 'Poland Spring Nature''s Blends Spring Water & Real Juice Acai-grape', '30.84');
insert into Product (product_id, name, price) values ('97456038019778', 'Starbucks Frappuccino Mocha Chilled Coffee Drink', '49.44');
insert into Product (product_id, name, price) values ('86302425301028', 'Clean + Green Natural Cleaner Carpet', '44.86');
insert into Product (product_id, name, price) values ('50405410092750', 'Garnier Nutritioniste Ultra-lift Anti-wrinkle Firming Night Cream', '55.11');
insert into Product (product_id, name, price) values ('21522979342922', 'Rubbermaid Premier Easy Find Lids - 3 Cups', '19.13');
insert into Product (product_id, name, price) values ('64276364377187', 'Mucinex Fast-max Multi-symptom Severe Congestion & Cold Caplets Maximum Strength - 20 Ct', '18.14');
insert into Product (product_id, name, price) values ('39265783292657', 'Kretschmer Wheat Germ Original Toasted', '14.58');
insert into Product (product_id, name, price) values ('01300476412751', 'Snyder''s Of Hanover Mini Pretzels', '11.11');
insert into Product (product_id, name, price) values ('86122272982320', 'Tastykake Sensables Sugar Free Chocolate Chocolate Chip Cookie Bars - 6 Ct', '27.01');
insert into Product (product_id, name, price) values ('55160001369581', 'Tomatoes Heirloom', '59.45');
insert into Product (product_id, name, price) values ('42140810828527', 'Franzia Vintner Select Chardonnay', '6.37');
insert into Product (product_id, name, price) values ('75487239889476', 'Cooksimple Skillet Lasagna Mix With Brown Rice Pasta', '28.16');
insert into Product (product_id, name, price) values ('75189072137421', 'Bai 5 Antioxidant Infusions Beverage Ipanema Pomegranate', '12.49');
insert into Product (product_id, name, price) values ('35622246526904', 'The Buffalo Guys All Natural Buffalo Filet Of Sirloin', '36.00');
insert into Product (product_id, name, price) values ('40531258903353', 'Interdesign Over The Tank Roll Reserve!', '15.03');
insert into Product (product_id, name, price) values ('98096973827593', 'Ahold Butterscotch Buttons Hard Candy', '56.05');
insert into Product (product_id, name, price) values ('39249161291785', 'Perdue Fresh Chicken Leg Quarters', '5.70');
insert into Product (product_id, name, price) values ('59903249893955', 'Wisconian Delectables Veggie Dill Chips', '14.46');
insert into Product (product_id, name, price) values ('84940530086991', 'Therapearl Neck Wrap Hot & Cold Therapy', '0.44');
insert into Product (product_id, name, price) values ('40731990184088', 'Gillette Body For Men Razor Kit', '53.30');
insert into Product (product_id, name, price) values ('51177921588331', 'Crystal Light Liquid Drink Mix Pomtini', '14.95');
insert into Product (product_id, name, price) values ('90071537924700', 'Designer Greetings Tissue Glitterwrap Light Green - 8 Sheets', '27.68');
insert into Product (product_id, name, price) values ('95209653338826', 'Arcadian Sushi Spicy Chicken Spring Roll - 2 Ct', '4.89');
insert into Product (product_id, name, price) values ('22887751608285', 'Red Lobster Cheddar Bay Biscuit Mix', '6.16');
insert into Product (product_id, name, price) values ('82847180266143', 'Liptontea Bags - 48 Ct', '47.38');
insert into Product (product_id, name, price) values ('29526437048966', 'Conair Velvet Touch Soft Touch Handle Dry, Style & Volumize Brush', '33.34');
insert into Product (product_id, name, price) values ('05231240267714', 'Ellio''s Cheese Pizza', '29.46');
insert into Product (product_id, name, price) values ('06884315843463', 'Scrumptious Pantry Tomato Catsup Smoky', '31.00');
insert into Product (product_id, name, price) values ('50923567165813', 'Synder''s Of Hanover Nibblers Honey Mustard & Onion', '11.16');
insert into Product (product_id, name, price) values ('57755980767078', 'Whink Professional Strength Rust & Iron Stain Remover', '22.01');
insert into Product (product_id, name, price) values ('31010789416623', 'Wholly Guacamole Layered Dip Black Bean', '40.16');
insert into Product (product_id, name, price) values ('26636596059890', 'Just For Men Hair Color Application Kit Medium-dark Brown A-40', '16.32');
insert into Product (product_id, name, price) values ('90380075028125', 'Tabasco Pepper Sauce Original Flavor', '9.10');
insert into Product (product_id, name, price) values ('20069124076652', 'Del Monte Blue Lake Green Beans French Style', '51.59');
insert into Product (product_id, name, price) values ('55587178262598', 'Trendstarter Molding Paste', '38.30');






insert into inventory (product_id, store_id, qty, aisle) values ('01755125713562', 5, 97, 1);
insert into inventory (product_id, store_id, qty, aisle) values ('98234096722516', 4, 152, 1);
insert into inventory (product_id, store_id, qty, aisle) values ('75487239889476', 6, 92, 6);
insert into inventory (product_id, store_id, qty, aisle) values ('94912823231631', 6, 152, 18);
insert into inventory (product_id, store_id, qty, aisle) values ('92240903648813', 2, 237, 20);
insert into inventory (product_id, store_id, qty, aisle) values ('83784483417975', 6, 96, 16);
insert into inventory (product_id, store_id, qty, aisle) values ('35611031083826', 6, 44, 10);
insert into inventory (product_id, store_id, qty, aisle) values ('31255571848229', 4, 62, 16);
insert into inventory (product_id, store_id, qty, aisle) values ('73910468296872', 6, 39, 11);
insert into inventory (product_id, store_id, qty, aisle) values ('78796532209168', 4, 112, 4);
insert into inventory (product_id, store_id, qty, aisle) values ('90380075028125', 4, 133, 6);
insert into inventory (product_id, store_id, qty, aisle) values ('01300476412751', 1, 215, 7);
insert into inventory (product_id, store_id, qty, aisle) values ('04958187092487', 4, 147, 14);
insert into inventory (product_id, store_id, qty, aisle) values ('18211361590049', 5, 73, 17);
insert into inventory (product_id, store_id, qty, aisle) values ('95209653338826', 1, 226, 3);
insert into inventory (product_id, store_id, qty, aisle) values ('94069879670008', 5, 44, 11);
insert into inventory (product_id, store_id, qty, aisle) values ('28725087252604', 6, 177, 3);
insert into inventory (product_id, store_id, qty, aisle) values ('84339428635156', 4, 161, 19);
insert into inventory (product_id, store_id, qty, aisle) values ('95766920325353', 3, 175, 2);
insert into inventory (product_id, store_id, qty, aisle) values ('37240936176211', 6, 219, 12);
insert into inventory (product_id, store_id, qty, aisle) values ('30520748343620', 5, 106, 12);
insert into inventory (product_id, store_id, qty, aisle) values ('69734623040375', 3, 153, 9);
insert into inventory (product_id, store_id, qty, aisle) values ('60647392774660', 4, 134, 15);
insert into inventory (product_id, store_id, qty, aisle) values ('41785405621397', 1, 124, 5);
insert into inventory (product_id, store_id, qty, aisle) values ('48421092144123', 6, 36, 4);
insert into inventory (product_id, store_id, qty, aisle) values ('40781732550483', 4, 31, 17);
insert into inventory (product_id, store_id, qty, aisle) values ('17065887695309', 3, 191, 11);
insert into inventory (product_id, store_id, qty, aisle) values ('66574114114592', 4, 162, 6);
insert into inventory (product_id, store_id, qty, aisle) values ('66213790646887', 1, 220, 20);
insert into inventory (product_id, store_id, qty, aisle) values ('12484703228976', 2, 49, 12);
insert into inventory (product_id, store_id, qty, aisle) values ('79088613631172', 3, 41, 16);
insert into inventory (product_id, store_id, qty, aisle) values ('11498958805354', 1, 38, 17);
insert into inventory (product_id, store_id, qty, aisle) values ('64018798578686', 4, 73, 13);
insert into inventory (product_id, store_id, qty, aisle) values ('39389779402218', 3, 213, 2);
insert into inventory (product_id, store_id, qty, aisle) values ('06063934725769', 5, 178, 6);
insert into inventory (product_id, store_id, qty, aisle) values ('78318982112013', 3, 184, 13);
insert into inventory (product_id, store_id, qty, aisle) values ('84339428635156', 6, 184, 12);
insert into inventory (product_id, store_id, qty, aisle) values ('09587656098594', 3, 237, 3);
insert into inventory (product_id, store_id, qty, aisle) values ('26918758987241', 4, 185, 11);
insert into inventory (product_id, store_id, qty, aisle) values ('69011801599645', 1, 223, 14);
insert into inventory (product_id, store_id, qty, aisle) values ('75732835770022', 6, 74, 4);
insert into inventory (product_id, store_id, qty, aisle) values ('19259749642000', 3, 246, 20);
insert into inventory (product_id, store_id, qty, aisle) values ('21522979342922', 6, 26, 14);
insert into inventory (product_id, store_id, qty, aisle) values ('83329109879111', 1, 64, 2);
insert into inventory (product_id, store_id, qty, aisle) values ('75270622377126', 6, 99, 5);
insert into inventory (product_id, store_id, qty, aisle) values ('49987505408192', 2, 225, 6);
insert into inventory (product_id, store_id, qty, aisle) values ('96529456880291', 4, 248, 11);
insert into inventory (product_id, store_id, qty, aisle) values ('82102334162053', 3, 34, 19);
insert into inventory (product_id, store_id, qty, aisle) values ('40594219692550', 1, 177, 3);
insert into inventory (product_id, store_id, qty, aisle) values ('69734623040375', 4, 212, 16);
insert into inventory (product_id, store_id, qty, aisle) values ('78796532209168', 6, 120, 2);
insert into inventory (product_id, store_id, qty, aisle) values ('34031213168526', 3, 137, 14);
insert into inventory (product_id, store_id, qty, aisle) values ('76359630652210', 3, 213, 7);
insert into inventory (product_id, store_id, qty, aisle) values ('65683420691040', 3, 218, 13);
insert into inventory (product_id, store_id, qty, aisle) values ('06176991958785', 4, 63, 12);
insert into inventory (product_id, store_id, qty, aisle) values ('38335564896607', 1, 101, 3);
insert into inventory (product_id, store_id, qty, aisle) values ('54422830423854', 2, 108, 13);
insert into inventory (product_id, store_id, qty, aisle) values ('59921161874981', 1, 194, 18);
insert into inventory (product_id, store_id, qty, aisle) values ('98733944252511', 4, 88, 19);
insert into inventory (product_id, store_id, qty, aisle) values ('28425603300868', 5, 97, 9);
insert into inventory (product_id, store_id, qty, aisle) values ('05723926751662', 2, 66, 14);
insert into inventory (product_id, store_id, qty, aisle) values ('21506297619253', 2, 161, 5);
insert into inventory (product_id, store_id, qty, aisle) values ('95210536412740', 6, 127, 8);
insert into inventory (product_id, store_id, qty, aisle) values ('75140173749651', 1, 191, 20);
insert into inventory (product_id, store_id, qty, aisle) values ('53867065983674', 2, 31, 1);
insert into inventory (product_id, store_id, qty, aisle) values ('26137742166661', 5, 222, 15);
insert into inventory (product_id, store_id, qty, aisle) values ('41700385107281', 1, 98, 19);
insert into inventory (product_id, store_id, qty, aisle) values ('62936994594160', 6, 146, 7);
insert into inventory (product_id, store_id, qty, aisle) values ('24156702296196', 1, 140, 3);
insert into inventory (product_id, store_id, qty, aisle) values ('63220427277322', 2, 53, 10);
insert into inventory (product_id, store_id, qty, aisle) values ('42468462654003', 3, 159, 10);
insert into inventory (product_id, store_id, qty, aisle) values ('57615516877997', 1, 104, 6);
insert into inventory (product_id, store_id, qty, aisle) values ('27818570156711', 6, 211, 17);
insert into inventory (product_id, store_id, qty, aisle) values ('08930936732188', 5, 31, 8);
insert into inventory (product_id, store_id, qty, aisle) values ('43885084801625', 1, 95, 2);
insert into inventory (product_id, store_id, qty, aisle) values ('63916368942849', 2, 215, 8);
insert into inventory (product_id, store_id, qty, aisle) values ('59652746002331', 3, 129, 19);
insert into inventory (product_id, store_id, qty, aisle) values ('92177932905549', 4, 134, 14);
insert into inventory (product_id, store_id, qty, aisle) values ('21506297619253', 6, 247, 14);
insert into inventory (product_id, store_id, qty, aisle) values ('52337635580745', 1, 30, 5);
insert into inventory (product_id, store_id, qty, aisle) values ('48659894604072', 6, 133, 3);
insert into inventory (product_id, store_id, qty, aisle) values ('57706101333927', 1, 76, 11);
insert into inventory (product_id, store_id, qty, aisle) values ('47688930240828', 1, 228, 16);
insert into inventory (product_id, store_id, qty, aisle) values ('05136516402201', 1, 176, 19);
insert into inventory (product_id, store_id, qty, aisle) values ('02007080130850', 4, 162, 2);
insert into inventory (product_id, store_id, qty, aisle) values ('91683681208539', 1, 184, 5);
insert into inventory (product_id, store_id, qty, aisle) values ('31611474824958', 1, 83, 13);
insert into inventory (product_id, store_id, qty, aisle) values ('92525737466243', 1, 248, 13);
insert into inventory (product_id, store_id, qty, aisle) values ('83443277929478', 1, 62, 10);
insert into inventory (product_id, store_id, qty, aisle) values ('07378751814769', 6, 233, 1);
insert into inventory (product_id, store_id, qty, aisle) values ('19696029799015', 6, 86, 20);
insert into inventory (product_id, store_id, qty, aisle) values ('63257497029589', 3, 153, 4);
insert into inventory (product_id, store_id, qty, aisle) values ('14621527057399', 1, 250, 6);
insert into inventory (product_id, store_id, qty, aisle) values ('10913333753180', 5, 248, 6);
insert into inventory (product_id, store_id, qty, aisle) values ('51402198094217', 4, 100, 5);
insert into inventory (product_id, store_id, qty, aisle) values ('31255571848229', 1, 138, 18);
insert into inventory (product_id, store_id, qty, aisle) values ('98351597603938', 6, 152, 8);
insert into inventory (product_id, store_id, qty, aisle) values ('13175574175294', 1, 244, 17);
insert into inventory (product_id, store_id, qty, aisle) values ('51870069332803', 6, 172, 12);
insert into inventory (product_id, store_id, qty, aisle) values ('07965800853102', 6, 52, 1);
insert into inventory (product_id, store_id, qty, aisle) values ('78381493653828', 3, 41, 18);
insert into inventory (product_id, store_id, qty, aisle) values ('80650045124309', 4, 143, 20);
insert into inventory (product_id, store_id, qty, aisle) values ('57264773512345', 1, 154, 5);
insert into inventory (product_id, store_id, qty, aisle) values ('27864527066051', 5, 216, 11);
insert into inventory (product_id, store_id, qty, aisle) values ('37100631454858', 6, 52, 18);
insert into inventory (product_id, store_id, qty, aisle) values ('16646613282189', 2, 189, 1);
insert into inventory (product_id, store_id, qty, aisle) values ('20954169027171', 1, 144, 5);
insert into inventory (product_id, store_id, qty, aisle) values ('60288057930908', 4, 104, 19);
insert into inventory (product_id, store_id, qty, aisle) values ('27818570156711', 1, 193, 18);
insert into inventory (product_id, store_id, qty, aisle) values ('14190969655488', 4, 121, 4);
insert into inventory (product_id, store_id, qty, aisle) values ('63916368942849', 6, 115, 9);
insert into inventory (product_id, store_id, qty, aisle) values ('21334951754417', 2, 190, 19);
insert into inventory (product_id, store_id, qty, aisle) values ('35245479098935', 2, 148, 5);
insert into inventory (product_id, store_id, qty, aisle) values ('70964025463511', 2, 237, 3);
insert into inventory (product_id, store_id, qty, aisle) values ('67152259372487', 5, 243, 11);
insert into inventory (product_id, store_id, qty, aisle) values ('09309201260701', 3, 36, 8);
insert into inventory (product_id, store_id, qty, aisle) values ('14190969655488', 1, 244, 11);
insert into inventory (product_id, store_id, qty, aisle) values ('41887381077586', 2, 226, 3);
insert into inventory (product_id, store_id, qty, aisle) values ('01375915992212', 5, 106, 18);
insert into inventory (product_id, store_id, qty, aisle) values ('92177932905549', 3, 102, 8);
insert into inventory (product_id, store_id, qty, aisle) values ('51177921588331', 3, 224, 18);
insert into inventory (product_id, store_id, qty, aisle) values ('84339428635156', 5, 210, 18);
insert into inventory (product_id, store_id, qty, aisle) values ('51909087579174', 1, 195, 3);
insert into inventory (product_id, store_id, qty, aisle) values ('34720658179569', 5, 44, 8);
insert into inventory (product_id, store_id, qty, aisle) values ('06943548640583', 2, 239, 12);
insert into inventory (product_id, store_id, qty, aisle) values ('87599517404839', 6, 212, 13);
insert into inventory (product_id, store_id, qty, aisle) values ('98315357366582', 3, 131, 11);
insert into inventory (product_id, store_id, qty, aisle) values ('64440757289853', 5, 156, 2);
insert into inventory (product_id, store_id, qty, aisle) values ('14621527057399', 3, 245, 6);
insert into inventory (product_id, store_id, qty, aisle) values ('02077945435357', 3, 81, 19);
insert into inventory (product_id, store_id, qty, aisle) values ('12458763496690', 1, 100, 15);
insert into inventory (product_id, store_id, qty, aisle) values ('87804629063006', 1, 146, 11);
insert into inventory (product_id, store_id, qty, aisle) values ('12099223551550', 4, 125, 6);
insert into inventory (product_id, store_id, qty, aisle) values ('90989648341345', 6, 71, 2);
insert into inventory (product_id, store_id, qty, aisle) values ('23584420321760', 4, 85, 4);
insert into inventory (product_id, store_id, qty, aisle) values ('57432862603688', 5, 224, 9);
insert into inventory (product_id, store_id, qty, aisle) values ('78062051676055', 6, 113, 4);
insert into inventory (product_id, store_id, qty, aisle) values ('59921161874981', 5, 157, 3);
insert into inventory (product_id, store_id, qty, aisle) values ('95078567522110', 1, 188, 19);
insert into inventory (product_id, store_id, qty, aisle) values ('87751474296762', 6, 108, 9);
insert into inventory (product_id, store_id, qty, aisle) values ('41113838921332', 4, 237, 3);
insert into inventory (product_id, store_id, qty, aisle) values ('88635750737385', 1, 55, 19);
insert into inventory (product_id, store_id, qty, aisle) values ('68903376522647', 1, 82, 6);
insert into inventory (product_id, store_id, qty, aisle) values ('74953937900938', 6, 43, 3);
insert into inventory (product_id, store_id, qty, aisle) values ('05723926751662', 6, 65, 17);
insert into inventory (product_id, store_id, qty, aisle) values ('11277871596640', 5, 225, 18);
insert into inventory (product_id, store_id, qty, aisle) values ('94370454362742', 2, 33, 4);
insert into inventory (product_id, store_id, qty, aisle) values ('38335564896607', 4, 107, 3);
insert into inventory (product_id, store_id, qty, aisle) values ('20506784808340', 1, 228, 15);
insert into inventory (product_id, store_id, qty, aisle) values ('08725069892983', 1, 144, 11);
insert into inventory (product_id, store_id, qty, aisle) values ('49796278094335', 4, 129, 3);
insert into inventory (product_id, store_id, qty, aisle) values ('43028605075228', 4, 233, 7);
insert into inventory (product_id, store_id, qty, aisle) values ('24831162852563', 5, 118, 6);
insert into inventory (product_id, store_id, qty, aisle) values ('87784564749359', 6, 249, 8);
insert into inventory (product_id, store_id, qty, aisle) values ('00077782008135', 3, 81, 9);
insert into inventory (product_id, store_id, qty, aisle) values ('61102968733333', 1, 139, 16);
insert into inventory (product_id, store_id, qty, aisle) values ('04400465302020', 6, 78, 6);
insert into inventory (product_id, store_id, qty, aisle) values ('74174022197465', 6, 205, 2);
insert into inventory (product_id, store_id, qty, aisle) values ('61871357956843', 3, 83, 7);
insert into inventory (product_id, store_id, qty, aisle) values ('47138133152384', 4, 221, 11);
insert into inventory (product_id, store_id, qty, aisle) values ('30889847690003', 2, 73, 2);
insert into inventory (product_id, store_id, qty, aisle) values ('89236986396969', 4, 85, 12);
insert into inventory (product_id, store_id, qty, aisle) values ('96760891348395', 1, 136, 6);
insert into inventory (product_id, store_id, qty, aisle) values ('92180117731548', 6, 105, 18);
insert into inventory (product_id, store_id, qty, aisle) values ('16847538966929', 3, 107, 5);
insert into inventory (product_id, store_id, qty, aisle) values ('04922967250412', 5, 123, 16);
insert into inventory (product_id, store_id, qty, aisle) values ('66603786707404', 5, 200, 20);
insert into inventory (product_id, store_id, qty, aisle) values ('69911244684218', 4, 54, 14);
insert into inventory (product_id, store_id, qty, aisle) values ('66388230045674', 5, 79, 5);
insert into inventory (product_id, store_id, qty, aisle) values ('12410094737555', 2, 234, 19);
insert into inventory (product_id, store_id, qty, aisle) values ('85094318835650', 5, 114, 7);
insert into inventory (product_id, store_id, qty, aisle) values ('06457712399206', 1, 63, 19);
insert into inventory (product_id, store_id, qty, aisle) values ('99317905576924', 3, 79, 5);
insert into inventory (product_id, store_id, qty, aisle) values ('21506297619253', 3, 57, 7);
insert into inventory (product_id, store_id, qty, aisle) values ('38042956439130', 2, 166, 13);
insert into inventory (product_id, store_id, qty, aisle) values ('74927433912794', 5, 42, 20);
insert into inventory (product_id, store_id, qty, aisle) values ('32077277868540', 2, 49, 10);
insert into inventory (product_id, store_id, qty, aisle) values ('74925858102005', 4, 243, 2);
insert into inventory (product_id, store_id, qty, aisle) values ('96910254559023', 1, 149, 12);
insert into inventory (product_id, store_id, qty, aisle) values ('97390061122945', 5, 86, 14);
insert into inventory (product_id, store_id, qty, aisle) values ('53935461823233', 5, 194, 3);
insert into inventory (product_id, store_id, qty, aisle) values ('94707753495160', 1, 93, 17);
insert into inventory (product_id, store_id, qty, aisle) values ('91686508442433', 2, 167, 3);
insert into inventory (product_id, store_id, qty, aisle) values ('97390061122945', 3, 230, 1);
insert into inventory (product_id, store_id, qty, aisle) values ('27246049874361', 4, 57, 10);
insert into inventory (product_id, store_id, qty, aisle) values ('85663512308185', 3, 60, 13);
insert into inventory (product_id, store_id, qty, aisle) values ('52868796449594', 2, 224, 2);
insert into inventory (product_id, store_id, qty, aisle) values ('51183244334974', 6, 90, 9);
insert into inventory (product_id, store_id, qty, aisle) values ('38335564896607', 2, 249, 11);
insert into inventory (product_id, store_id, qty, aisle) values ('41887381077586', 3, 43, 6);
insert into inventory (product_id, store_id, qty, aisle) values ('13175574175294', 6, 210, 8);
insert into inventory (product_id, store_id, qty, aisle) values ('77518404220322', 3, 210, 9);
insert into inventory (product_id, store_id, qty, aisle) values ('50862176464525', 4, 243, 9);
insert into inventory (product_id, store_id, qty, aisle) values ('55064342603049', 5, 97, 20);
insert into inventory (product_id, store_id, qty, aisle) values ('12458763496690', 1, 222, 3);
insert into inventory (product_id, store_id, qty, aisle) values ('35580892015724', 2, 240, 4);
insert into inventory (product_id, store_id, qty, aisle) values ('11277871596640', 1, 226, 3);
insert into inventory (product_id, store_id, qty, aisle) values ('12060672048012', 6, 165, 19);
insert into inventory (product_id, store_id, qty, aisle) values ('36347732290600', 1, 193, 10);
insert into inventory (product_id, store_id, qty, aisle) values ('04790663827637', 1, 47, 11);
insert into inventory (product_id, store_id, qty, aisle) values ('70068371041561', 4, 76, 13);
insert into inventory (product_id, store_id, qty, aisle) values ('85804560286111', 1, 144, 19);
insert into inventory (product_id, store_id, qty, aisle) values ('57264773512345', 3, 190, 4);
insert into inventory (product_id, store_id, qty, aisle) values ('77763078430678', 1, 106, 20);
insert into inventory (product_id, store_id, qty, aisle) values ('67020824696481', 4, 136, 20);
insert into inventory (product_id, store_id, qty, aisle) values ('16974390603540', 5, 212, 5);
insert into inventory (product_id, store_id, qty, aisle) values ('89823948212919', 3, 162, 12);
insert into inventory (product_id, store_id, qty, aisle) values ('09498100940380', 6, 49, 15);
insert into inventory (product_id, store_id, qty, aisle) values ('61102968733333', 3, 185, 8);
insert into inventory (product_id, store_id, qty, aisle) values ('92180117731548', 4, 81, 5);
insert into inventory (product_id, store_id, qty, aisle) values ('52405959262739', 1, 50, 18);
insert into inventory (product_id, store_id, qty, aisle) values ('60298480277259', 4, 138, 4);
insert into inventory (product_id, store_id, qty, aisle) values ('33458722624109', 2, 152, 13);
insert into inventory (product_id, store_id, qty, aisle) values ('20099053237863', 1, 241, 1);
insert into inventory (product_id, store_id, qty, aisle) values ('51909087579174', 5, 82, 16);
insert into inventory (product_id, store_id, qty, aisle) values ('14146902856624', 2, 124, 17);
insert into inventory (product_id, store_id, qty, aisle) values ('59798657608451', 3, 32, 6);
insert into inventory (product_id, store_id, qty, aisle) values ('63971085297384', 3, 152, 5);
insert into inventory (product_id, store_id, qty, aisle) values ('12039387088109', 3, 109, 1);
insert into inventory (product_id, store_id, qty, aisle) values ('61624642292007', 4, 156, 6);
insert into inventory (product_id, store_id, qty, aisle) values ('24925010090164', 5, 86, 15);
insert into inventory (product_id, store_id, qty, aisle) values ('32523019951361', 3, 156, 17);
insert into inventory (product_id, store_id, qty, aisle) values ('09409376428548', 3, 246, 11);
insert into inventory (product_id, store_id, qty, aisle) values ('67152259372487', 3, 131, 10);
insert into inventory (product_id, store_id, qty, aisle) values ('26032983695880', 3, 110, 1);
insert into inventory (product_id, store_id, qty, aisle) values ('20069124076652', 1, 39, 17);
insert into inventory (product_id, store_id, qty, aisle) values ('54328354972398', 4, 205, 19);
insert into inventory (product_id, store_id, qty, aisle) values ('41700385107281', 3, 244, 1);
insert into inventory (product_id, store_id, qty, aisle) values ('43885084801625', 3, 206, 2);
insert into inventory (product_id, store_id, qty, aisle) values ('36104283750510', 2, 148, 10);
insert into inventory (product_id, store_id, qty, aisle) values ('87313236115138', 6, 51, 4);
insert into inventory (product_id, store_id, qty, aisle) values ('67773460825633', 3, 32, 19);
insert into inventory (product_id, store_id, qty, aisle) values ('26137742166661', 6, 146, 16);
insert into inventory (product_id, store_id, qty, aisle) values ('21955861675171', 6, 128, 16);
insert into inventory (product_id, store_id, qty, aisle) values ('28680848584376', 5, 194, 7);
insert into inventory (product_id, store_id, qty, aisle) values ('19754673110981', 6, 197, 3);
insert into inventory (product_id, store_id, qty, aisle) values ('57228981235106', 6, 120, 1);
insert into inventory (product_id, store_id, qty, aisle) values ('10338897053648', 5, 39, 11);
insert into inventory (product_id, store_id, qty, aisle) values ('61733551416815', 4, 186, 18);
insert into inventory (product_id, store_id, qty, aisle) values ('69596408766466', 1, 197, 19);
insert into inventory (product_id, store_id, qty, aisle) values ('38551315536906', 2, 189, 3);
insert into inventory (product_id, store_id, qty, aisle) values ('14190969655488', 5, 219, 15);
insert into inventory (product_id, store_id, qty, aisle) values ('16974390603540', 6, 191, 2);
insert into inventory (product_id, store_id, qty, aisle) values ('07378751814769', 2, 184, 17);
insert into inventory (product_id, store_id, qty, aisle) values ('21334951754417', 4, 69, 20);
insert into inventory (product_id, store_id, qty, aisle) values ('00343620859459', 1, 210, 14);
insert into inventory (product_id, store_id, qty, aisle) values ('48709747931749', 4, 28, 11);
insert into inventory (product_id, store_id, qty, aisle) values ('55587178262598', 2, 74, 2);
insert into inventory (product_id, store_id, qty, aisle) values ('50051263541908', 5, 126, 6);
insert into inventory (product_id, store_id, qty, aisle) values ('43108380615164', 3, 98, 15);
insert into inventory (product_id, store_id, qty, aisle) values ('37262611906790', 6, 133, 7);
insert into inventory (product_id, store_id, qty, aisle) values ('37084262312712', 4, 192, 4);
insert into inventory (product_id, store_id, qty, aisle) values ('95078567522110', 4, 142, 12);
insert into inventory (product_id, store_id, qty, aisle) values ('08068277535372', 5, 81, 18);
insert into inventory (product_id, store_id, qty, aisle) values ('17108980550892', 3, 169, 14);
insert into inventory (product_id, store_id, qty, aisle) values ('20954169027171', 2, 81, 13);
insert into inventory (product_id, store_id, qty, aisle) values ('23977467373070', 2, 83, 6);
insert into inventory (product_id, store_id, qty, aisle) values ('22354877096961', 5, 197, 16);
insert into inventory (product_id, store_id, qty, aisle) values ('95839534453431', 6, 145, 16);
insert into inventory (product_id, store_id, qty, aisle) values ('86122272982320', 4, 125, 3);
insert into inventory (product_id, store_id, qty, aisle) values ('37240936176211', 1, 177, 20);
insert into inventory (product_id, store_id, qty, aisle) values ('87761102397180', 3, 132, 7);
insert into inventory (product_id, store_id, qty, aisle) values ('59903249893955', 5, 47, 19);
insert into inventory (product_id, store_id, qty, aisle) values ('49113188523239', 4, 133, 14);
insert into inventory (product_id, store_id, qty, aisle) values ('09175686989853', 3, 77, 15);
insert into inventory (product_id, store_id, qty, aisle) values ('89044796916068', 1, 246, 4);
insert into inventory (product_id, store_id, qty, aisle) values ('75140173749651', 6, 227, 20);
insert into inventory (product_id, store_id, qty, aisle) values ('12409744469070', 4, 46, 19);
insert into inventory (product_id, store_id, qty, aisle) values ('26918758987241', 3, 166, 2);
insert into inventory (product_id, store_id, qty, aisle) values ('90218687350340', 3, 131, 13);
insert into inventory (product_id, store_id, qty, aisle) values ('07084369495655', 6, 77, 11);
insert into inventory (product_id, store_id, qty, aisle) values ('50923567165813', 2, 61, 2);
insert into inventory (product_id, store_id, qty, aisle) values ('11277871596640', 4, 219, 4);
insert into inventory (product_id, store_id, qty, aisle) values ('64018798578686', 3, 111, 9);
insert into inventory (product_id, store_id, qty, aisle) values ('10625959196364', 5, 246, 10);
insert into inventory (product_id, store_id, qty, aisle) values ('29526437048966', 3, 96, 10);
insert into inventory (product_id, store_id, qty, aisle) values ('68966966097268', 5, 60, 1);
insert into inventory (product_id, store_id, qty, aisle) values ('16994615608468', 4, 214, 18);
insert into inventory (product_id, store_id, qty, aisle) values ('19754673110981', 6, 31, 12);
insert into inventory (product_id, store_id, qty, aisle) values ('45046024810091', 5, 163, 17);
insert into inventory (product_id, store_id, qty, aisle) values ('87974874277776', 5, 177, 20);
insert into inventory (product_id, store_id, qty, aisle) values ('49796278094335', 1, 48, 5);
insert into inventory (product_id, store_id, qty, aisle) values ('56860275774125', 5, 217, 8);
insert into inventory (product_id, store_id, qty, aisle) values ('45178179390871', 6, 148, 7);
insert into inventory (product_id, store_id, qty, aisle) values ('00060729774053', 5, 28, 5);
insert into inventory (product_id, store_id, qty, aisle) values ('55919255533034', 2, 161, 19);
insert into inventory (product_id, store_id, qty, aisle) values ('59921161874981', 3, 106, 19);
insert into inventory (product_id, store_id, qty, aisle) values ('70513400751907', 6, 62, 8);
insert into inventory (product_id, store_id, qty, aisle) values ('41700385107281', 5, 114, 10);
insert into inventory (product_id, store_id, qty, aisle) values ('53935461823233', 1, 235, 4);
insert into inventory (product_id, store_id, qty, aisle) values ('48503762729149', 4, 161, 19);
insert into inventory (product_id, store_id, qty, aisle) values ('88647771029051', 5, 183, 20);
insert into inventory (product_id, store_id, qty, aisle) values ('85573865220943', 3, 25, 19);
insert into inventory (product_id, store_id, qty, aisle) values ('53867065983674', 4, 129, 1);
insert into inventory (product_id, store_id, qty, aisle) values ('21892099912089', 5, 91, 11);
insert into inventory (product_id, store_id, qty, aisle) values ('97737367509333', 4, 188, 12);
insert into inventory (product_id, store_id, qty, aisle) values ('16847538966929', 5, 218, 14);
insert into inventory (product_id, store_id, qty, aisle) values ('87824650514118', 2, 80, 9);
insert into inventory (product_id, store_id, qty, aisle) values ('22106305404182', 6, 117, 15);
insert into inventory (product_id, store_id, qty, aisle) values ('85663512308185', 4, 32, 11);
insert into inventory (product_id, store_id, qty, aisle) values ('90770798857858', 2, 121, 5);
insert into inventory (product_id, store_id, qty, aisle) values ('37214064728589', 3, 53, 11);
insert into inventory (product_id, store_id, qty, aisle) values ('04143982262573', 3, 100, 2);
insert into inventory (product_id, store_id, qty, aisle) values ('35826441826296', 6, 223, 3);
insert into inventory (product_id, store_id, qty, aisle) values ('53623954706035', 2, 195, 19);
insert into inventory (product_id, store_id, qty, aisle) values ('09587656098594', 3, 229, 3);
insert into inventory (product_id, store_id, qty, aisle) values ('65683420691040', 2, 75, 18);
insert into inventory (product_id, store_id, qty, aisle) values ('39447598302538', 4, 72, 13);
insert into inventory (product_id, store_id, qty, aisle) values ('66213790646887', 3, 83, 3);
insert into inventory (product_id, store_id, qty, aisle) values ('72047113252879', 6, 161, 12);
insert into inventory (product_id, store_id, qty, aisle) values ('14801976722708', 1, 145, 1);
insert into inventory (product_id, store_id, qty, aisle) values ('88027591675322', 4, 73, 10);
insert into inventory (product_id, store_id, qty, aisle) values ('95086242263843', 6, 172, 7);
insert into inventory (product_id, store_id, qty, aisle) values ('19403951695086', 3, 222, 2);
insert into inventory (product_id, store_id, qty, aisle) values ('64890559215698', 3, 79, 14);
insert into inventory (product_id, store_id, qty, aisle) values ('88848282909116', 6, 103, 19);
insert into inventory (product_id, store_id, qty, aisle) values ('60298480277259', 6, 142, 16);
insert into inventory (product_id, store_id, qty, aisle) values ('44772672496471', 5, 207, 1);
insert into inventory (product_id, store_id, qty, aisle) values ('70736897224331', 6, 140, 3);
insert into inventory (product_id, store_id, qty, aisle) values ('67583162979570', 6, 125, 19);
insert into inventory (product_id, store_id, qty, aisle) values ('69628131400209', 2, 87, 9);
insert into inventory (product_id, store_id, qty, aisle) values ('80587012468159', 5, 245, 7);
insert into inventory (product_id, store_id, qty, aisle) values ('20237091885443', 4, 237, 11);
insert into inventory (product_id, store_id, qty, aisle) values ('47879472445415', 5, 218, 13);
insert into inventory (product_id, store_id, qty, aisle) values ('78173240321426', 6, 208, 1);
insert into inventory (product_id, store_id, qty, aisle) values ('36480688376637', 5, 133, 14);
insert into inventory (product_id, store_id, qty, aisle) values ('87313236115138', 4, 61, 5);
insert into inventory (product_id, store_id, qty, aisle) values ('09587656098594', 6, 216, 15);
insert into inventory (product_id, store_id, qty, aisle) values ('09028845516080', 4, 90, 16);
insert into inventory (product_id, store_id, qty, aisle) values ('77518404220322', 3, 79, 6);
insert into inventory (product_id, store_id, qty, aisle) values ('48991221315339', 6, 85, 7);
insert into inventory (product_id, store_id, qty, aisle) values ('54001808204935', 1, 90, 16);
insert into inventory (product_id, store_id, qty, aisle) values ('26150713223031', 6, 240, 9);
insert into inventory (product_id, store_id, qty, aisle) values ('16753397337999', 6, 155, 20);
insert into inventory (product_id, store_id, qty, aisle) values ('53864786141336', 4, 185, 15);
insert into inventory (product_id, store_id, qty, aisle) values ('49987505408192', 1, 134, 6);
insert into inventory (product_id, store_id, qty, aisle) values ('69487692661374', 3, 160, 10);
insert into inventory (product_id, store_id, qty, aisle) values ('93122824156996', 3, 181, 10);
insert into inventory (product_id, store_id, qty, aisle) values ('87160036643665', 5, 210, 9);
insert into inventory (product_id, store_id, qty, aisle) values ('60647392774660', 3, 179, 17);
insert into inventory (product_id, store_id, qty, aisle) values ('93128354676357', 4, 76, 8);
insert into inventory (product_id, store_id, qty, aisle) values ('00408671297586', 2, 153, 7);
insert into inventory (product_id, store_id, qty, aisle) values ('49537889828872', 4, 209, 9);
insert into inventory (product_id, store_id, qty, aisle) values ('78796532209168', 2, 26, 14);
insert into inventory (product_id, store_id, qty, aisle) values ('63447153725166', 4, 52, 5);
insert into inventory (product_id, store_id, qty, aisle) values ('18725498573431', 3, 81, 18);
insert into inventory (product_id, store_id, qty, aisle) values ('53378491018702', 6, 217, 13);
insert into inventory (product_id, store_id, qty, aisle) values ('07965800853102', 4, 163, 8);
insert into inventory (product_id, store_id, qty, aisle) values ('20605577847315', 4, 113, 7);
insert into inventory (product_id, store_id, qty, aisle) values ('11356880232909', 5, 179, 6);
insert into inventory (product_id, store_id, qty, aisle) values ('35580892015724', 6, 83, 2);
insert into inventory (product_id, store_id, qty, aisle) values ('70964025463511', 2, 46, 14);
insert into inventory (product_id, store_id, qty, aisle) values ('03030816541260', 3, 174, 17);
insert into inventory (product_id, store_id, qty, aisle) values ('75642191629026', 3, 204, 3);
insert into inventory (product_id, store_id, qty, aisle) values ('01375915992212', 5, 47, 18);
insert into inventory (product_id, store_id, qty, aisle) values ('06428942697790', 6, 94, 14);
insert into inventory (product_id, store_id, qty, aisle) values ('34056903925903', 5, 210, 15);
insert into inventory (product_id, store_id, qty, aisle) values ('98527846983818', 5, 99, 14);
insert into inventory (product_id, store_id, qty, aisle) values ('16389620141974', 6, 228, 8);
insert into inventory (product_id, store_id, qty, aisle) values ('46695359449078', 2, 57, 11);
insert into inventory (product_id, store_id, qty, aisle) values ('20465642650913', 5, 228, 16);
insert into inventory (product_id, store_id, qty, aisle) values ('57264773512345', 1, 28, 18);
insert into inventory (product_id, store_id, qty, aisle) values ('14217056680077', 6, 184, 20);
insert into inventory (product_id, store_id, qty, aisle) values ('19696029799015', 3, 174, 20);
insert into inventory (product_id, store_id, qty, aisle) values ('79810802495470', 5, 121, 13);
insert into inventory (product_id, store_id, qty, aisle) values ('74346247768190', 2, 190, 18);
insert into inventory (product_id, store_id, qty, aisle) values ('02007080130850', 1, 240, 11);
insert into inventory (product_id, store_id, qty, aisle) values ('88683872903519', 5, 67, 19);
insert into inventory (product_id, store_id, qty, aisle) values ('32589844230658', 4, 91, 3);
insert into inventory (product_id, store_id, qty, aisle) values ('09530108958705', 6, 176, 16);
insert into inventory (product_id, store_id, qty, aisle) values ('42538135481959', 3, 190, 18);
insert into inventory (product_id, store_id, qty, aisle) values ('48420213557415', 5, 76, 20);
insert into inventory (product_id, store_id, qty, aisle) values ('78516680495666', 4, 225, 4);
insert into inventory (product_id, store_id, qty, aisle) values ('18801280376834', 4, 240, 2);
insert into inventory (product_id, store_id, qty, aisle) values ('03912089798563', 4, 119, 6);
insert into inventory (product_id, store_id, qty, aisle) values ('69515257666359', 5, 56, 5);
insert into inventory (product_id, store_id, qty, aisle) values ('12294096867478', 3, 178, 16);
insert into inventory (product_id, store_id, qty, aisle) values ('54328354972398', 1, 128, 7);
insert into inventory (product_id, store_id, qty, aisle) values ('80259157037968', 2, 206, 5);
insert into inventory (product_id, store_id, qty, aisle) values ('35017669457466', 3, 184, 8);
insert into inventory (product_id, store_id, qty, aisle) values ('30266775294863', 6, 156, 2);
insert into inventory (product_id, store_id, qty, aisle) values ('60288057930908', 6, 51, 15);
insert into inventory (product_id, store_id, qty, aisle) values ('16309976002069', 1, 92, 7);
insert into inventory (product_id, store_id, qty, aisle) values ('92180117731548', 3, 220, 12);
insert into inventory (product_id, store_id, qty, aisle) values ('66428057242316', 5, 139, 16);
insert into inventory (product_id, store_id, qty, aisle) values ('77491435974905', 3, 214, 7);
insert into inventory (product_id, store_id, qty, aisle) values ('20076338969877', 5, 103, 1);
insert into inventory (product_id, store_id, qty, aisle) values ('33451791965451', 6, 65, 3);
insert into inventory (product_id, store_id, qty, aisle) values ('25272194287877', 4, 45, 10);
insert into inventory (product_id, store_id, qty, aisle) values ('79476741592731', 4, 47, 18);
insert into inventory (product_id, store_id, qty, aisle) values ('94321616496605', 6, 45, 7);
insert into inventory (product_id, store_id, qty, aisle) values ('32633170434355', 3, 55, 7);
insert into inventory (product_id, store_id, qty, aisle) values ('47172866395781', 5, 205, 8);
insert into inventory (product_id, store_id, qty, aisle) values ('98557002641289', 5, 187, 4);
insert into inventory (product_id, store_id, qty, aisle) values ('50862176464525', 1, 155, 5);
insert into inventory (product_id, store_id, qty, aisle) values ('00021131501013', 6, 64, 11);
insert into inventory (product_id, store_id, qty, aisle) values ('09298412436041', 4, 153, 11);
insert into inventory (product_id, store_id, qty, aisle) values ('40262715971420', 1, 176, 12);
insert into inventory (product_id, store_id, qty, aisle) values ('01945877482332', 1, 110, 14);
insert into inventory (product_id, store_id, qty, aisle) values ('22360632089468', 2, 101, 10);
insert into inventory (product_id, store_id, qty, aisle) values ('00759959965772', 2, 158, 3);
insert into inventory (product_id, store_id, qty, aisle) values ('02962953799998', 4, 159, 13);
insert into inventory (product_id, store_id, qty, aisle) values ('61113931336497', 5, 34, 3);
insert into inventory (product_id, store_id, qty, aisle) values ('23620603303302', 3, 191, 18);
insert into inventory (product_id, store_id, qty, aisle) values ('79818911273526', 6, 115, 9);
insert into inventory (product_id, store_id, qty, aisle) values ('07381266696401', 6, 148, 15);
insert into inventory (product_id, store_id, qty, aisle) values ('48586879777076', 6, 55, 3);
insert into inventory (product_id, store_id, qty, aisle) values ('63220427277322', 5, 74, 5);
insert into inventory (product_id, store_id, qty, aisle) values ('23728487557003', 2, 3, 9);
insert into inventory (product_id, store_id, qty, aisle) values ('02719636336018', 6, 197, 15);
insert into inventory (product_id, store_id, qty, aisle) values ('60392909210750', 1, 34, 9);
insert into inventory (product_id, store_id, qty, aisle) values ('38342323525291', 3, 99, 5);
insert into inventory (product_id, store_id, qty, aisle) values ('79373797298041', 6, 72, 2);
insert into inventory (product_id, store_id, qty, aisle) values ('01388807967198', 1, 158, 20);
insert into inventory (product_id, store_id, qty, aisle) values ('54404428504390', 4, 65, 4);
insert into inventory (product_id, store_id, qty, aisle) values ('90989648341345', 6, 193, 14);
insert into inventory (product_id, store_id, qty, aisle) values ('46916370395918', 3, 207, 11);
insert into inventory (product_id, store_id, qty, aisle) values ('79769581100766', 4, 231, 5);
insert into inventory (product_id, store_id, qty, aisle) values ('38686244613247', 4, 248, 6);
insert into inventory (product_id, store_id, qty, aisle) values ('13113767186384', 5, 43, 2);
insert into inventory (product_id, store_id, qty, aisle) values ('40731990184088', 2, 182, 4);
insert into inventory (product_id, store_id, qty, aisle) values ('57706101333927', 3, 227, 17);
insert into inventory (product_id, store_id, qty, aisle) values ('40177534683421', 2, 132, 18);
insert into inventory (product_id, store_id, qty, aisle) values ('88027591675322', 6, 140, 12);
insert into inventory (product_id, store_id, qty, aisle) values ('51870069332803', 2, 48, 14);
insert into inventory (product_id, store_id, qty, aisle) values ('01300476412751', 5, 177, 1);
insert into inventory (product_id, store_id, qty, aisle) values ('30511247908805', 1, 178, 4);
insert into inventory (product_id, store_id, qty, aisle) values ('71288706877276', 2, 99, 8);
insert into inventory (product_id, store_id, qty, aisle) values ('73925201341860', 1, 156, 15);
insert into inventory (product_id, store_id, qty, aisle) values ('85180571964913', 5, 39, 3);
insert into inventory (product_id, store_id, qty, aisle) values ('04922967250412', 3, 82, 7);
insert into inventory (product_id, store_id, qty, aisle) values ('09891879150334', 2, 234, 8);
insert into inventory (product_id, store_id, qty, aisle) values ('78703264742592', 4, 176, 14);
insert into inventory (product_id, store_id, qty, aisle) values ('00021000028238', 2, 35, 6);
insert into inventory (product_id, store_id, qty, aisle) values ('01755125713562', 1, 75, 20);
insert into inventory (product_id, store_id, qty, aisle) values ('10625959196364', 3, 227, 4);
insert into inventory (product_id, store_id, qty, aisle) values ('83583106144292', 5, 180, 9);
insert into inventory (product_id, store_id, qty, aisle) values ('22174598495078', 1, 48, 2);
insert into inventory (product_id, store_id, qty, aisle) values ('66598233281493', 5, 209, 9);
insert into inventory (product_id, store_id, qty, aisle) values ('00060729774053', 4, 143, 8);
insert into inventory (product_id, store_id, qty, aisle) values ('53588122130967', 1, 219, 16);
insert into inventory (product_id, store_id, qty, aisle) values ('79810802495470', 1, 36, 14);
insert into inventory (product_id, store_id, qty, aisle) values ('16994615608468', 2, 102, 9);
insert into inventory (product_id, store_id, qty, aisle) values ('13223399672688', 5, 137, 1);
insert into inventory (product_id, store_id, qty, aisle) values ('30893703758356', 4, 62, 4);
insert into inventory (product_id, store_id, qty, aisle) values ('27659949341720', 1, 199, 12);
insert into inventory (product_id, store_id, qty, aisle) values ('81681482263262', 6, 131, 5);
insert into inventory (product_id, store_id, qty, aisle) values ('92180117731548', 5, 240, 20);
insert into inventory (product_id, store_id, qty, aisle) values ('74047911904563', 1, 42, 19);
insert into inventory (product_id, store_id, qty, aisle) values ('06060780514050', 3, 54, 2);
insert into inventory (product_id, store_id, qty, aisle) values ('38284198237671', 1, 200, 8);
insert into inventory (product_id, store_id, qty, aisle) values ('43512698870949', 4, 41, 7);
insert into inventory (product_id, store_id, qty, aisle) values ('45403882875751', 2, 180, 16);
insert into inventory (product_id, store_id, qty, aisle) values ('61488703268291', 3, 185, 1);
insert into inventory (product_id, store_id, qty, aisle) values ('79088270005785', 2, 44, 14);
insert into inventory (product_id, store_id, qty, aisle) values ('30511247908805', 4, 146, 20);
insert into inventory (product_id, store_id, qty, aisle) values ('00021000028238', 3, 208, 7);
insert into inventory (product_id, store_id, qty, aisle) values ('06459976352385', 6, 237, 6);
insert into inventory (product_id, store_id, qty, aisle) values ('53388065262045', 4, 87, 10);
insert into inventory (product_id, store_id, qty, aisle) values ('47688930240828', 6, 100, 12);
insert into inventory (product_id, store_id, qty, aisle) values ('', 2, 55, 2);
insert into inventory (product_id, store_id, qty, aisle) values ('49278820832771', 2, 209, 8);
insert into inventory (product_id, store_id, qty, aisle) values ('75884089487226', 4, 94, 6);
insert into inventory (product_id, store_id, qty, aisle) values ('35580892015724', 4, 64, 8);
insert into inventory (product_id, store_id, qty, aisle) values ('45178179390871', 2, 85, 13);
insert into inventory (product_id, store_id, qty, aisle) values ('11498958805354', 5, 185, 8);
insert into inventory (product_id, store_id, qty, aisle) values ('27592868546025', 2, 148, 19);
insert into inventory (product_id, store_id, qty, aisle) values ('79457697296225', 3, 49, 18);
insert into inventory (product_id, store_id, qty, aisle) values ('73638910817486', 3, 166, 1);
insert into inventory (product_id, store_id, qty, aisle) values ('17837262188238', 5, 61, 6);
insert into inventory (product_id, store_id, qty, aisle) values ('11764236494677', 3, 136, 7);
insert into inventory (product_id, store_id, qty, aisle) values ('69781618668892', 3, 32, 13);
insert into inventory (product_id, store_id, qty, aisle) values ('93122824156996', 2, 137, 12);
insert into inventory (product_id, store_id, qty, aisle) values ('83038006417915', 3, 134, 20);
insert into inventory (product_id, store_id, qty, aisle) values ('07467676409170', 2, 61, 16);
insert into inventory (product_id, store_id, qty, aisle) values ('75328067401330', 1, 76, 13);
insert into inventory (product_id, store_id, qty, aisle) values ('13113767186384', 4, 213, 4);
insert into inventory (product_id, store_id, qty, aisle) values ('35501131377035', 6, 244, 3);
insert into inventory (product_id, store_id, qty, aisle) values ('85180571964913', 1, 75, 19);
insert into inventory (product_id, store_id, qty, aisle) values ('66201337598096', 6, 105, 11);
insert into inventory (product_id, store_id, qty, aisle) values ('30893703758356', 4, 62, 5);
insert into inventory (product_id, store_id, qty, aisle) values ('01755125713562', 3, 210, 11);
insert into inventory (product_id, store_id, qty, aisle) values ('85094318835650', 3, 179, 13);
insert into inventory (product_id, store_id, qty, aisle) values ('87804629063006', 1, 147, 16);
insert into inventory (product_id, store_id, qty, aisle) values ('74596792551937', 5, 170, 7);
insert into inventory (product_id, store_id, qty, aisle) values ('53983713924125', 5, 210, 16);
insert into inventory (product_id, store_id, qty, aisle) values ('61871357956843', 3, 31, 19);
insert into inventory (product_id, store_id, qty, aisle) values ('94069879670008', 1, 32, 12);
insert into inventory (product_id, store_id, qty, aisle) values ('89471093654239', 5, 76, 11);
insert into inventory (product_id, store_id, qty, aisle) values ('19696029799015', 1, 39, 2);
insert into inventory (product_id, store_id, qty, aisle) values ('76087344822870', 1, 232, 7);
insert into inventory (product_id, store_id, qty, aisle) values ('40262715971420', 2, 50, 15);
insert into inventory (product_id, store_id, qty, aisle) values ('23045616376417', 4, 159, 7);
insert into inventory (product_id, store_id, qty, aisle) values ('70844315257625', 2, 131, 18);
insert into inventory (product_id, store_id, qty, aisle) values ('98185445918827', 4, 36, 11);
insert into inventory (product_id, store_id, qty, aisle) values ('22500622079994', 5, 39, 9);
insert into inventory (product_id, store_id, qty, aisle) values ('54412269974736', 2, 54, 5);
insert into inventory (product_id, store_id, qty, aisle) values ('24560080571056', 1, 219, 17);
insert into inventory (product_id, store_id, qty, aisle) values ('00021000028238', 4, 82, 12);
insert into inventory (product_id, store_id, qty, aisle) values ('53388065262045', 4, 96, 17);
insert into inventory (product_id, store_id, qty, aisle) values ('73490170339463', 2, 32, 4);
insert into inventory (product_id, store_id, qty, aisle) values ('16646613282189', 4, 196, 9);
insert into inventory (product_id, store_id, qty, aisle) values ('43017305243021', 1, 88, 12);
insert into inventory (product_id, store_id, qty, aisle) values ('30021911702361', 1, 114, 9);
insert into inventory (product_id, store_id, qty, aisle) values ('75254721262974', 2, 191, 3);
insert into inventory (product_id, store_id, qty, aisle) values ('03774389198176', 5, 174, 10);
insert into inventory (product_id, store_id, qty, aisle) values ('69734623040375', 3, 103, 19);
insert into inventory (product_id, store_id, qty, aisle) values ('49278820832771', 5, 61, 13);
insert into inventory (product_id, store_id, qty, aisle) values ('41396496349756', 6, 164, 12);
insert into inventory (product_id, store_id, qty, aisle) values ('38159331027732', 1, 160, 13);
insert into inventory (product_id, store_id, qty, aisle) values ('07381266696401', 5, 143, 5);
insert into inventory (product_id, store_id, qty, aisle) values ('79624998542241', 4, 84, 11);
insert into inventory (product_id, store_id, qty, aisle) values ('21267730660293', 3, 39, 10);
insert into inventory (product_id, store_id, qty, aisle) values ('36104283750510', 1, 82, 2);
insert into inventory (product_id, store_id, qty, aisle) values ('77169447817823', 6, 135, 8);
insert into inventory (product_id, store_id, qty, aisle) values ('43017305243021', 3, 226, 17);
insert into inventory (product_id, store_id, qty, aisle) values ('96723453329910', 5, 171, 7);
insert into inventory (product_id, store_id, qty, aisle) values ('54095220554617', 4, 223, 20);
insert into inventory (product_id, store_id, qty, aisle) values ('09409960074287', 1, 33, 4);
insert into inventory (product_id, store_id, qty, aisle) values ('98733944252511', 5, 71, 1);
insert into inventory (product_id, store_id, qty, aisle) values ('02109878709062', 1, 175, 12);
insert into inventory (product_id, store_id, qty, aisle) values ('27659949341720', 3, 64, 8);
insert into inventory (product_id, store_id, qty, aisle) values ('91686508442433', 3, 144, 15);
insert into inventory (product_id, store_id, qty, aisle) values ('22808485554253', 4, 179, 7);
insert into inventory (product_id, store_id, qty, aisle) values ('74791636796733', 1, 130, 13);
insert into inventory (product_id, store_id, qty, aisle) values ('28725087252604', 5, 143, 14);
insert into inventory (product_id, store_id, qty, aisle) values ('01945877482332', 5, 74, 3);
insert into inventory (product_id, store_id, qty, aisle) values ('89445169288317', 6, 107, 2);
insert into inventory (product_id, store_id, qty, aisle) values ('54328354972398', 4, 244, 18);
insert into inventory (product_id, store_id, qty, aisle) values ('17108980550892', 4, 218, 17);
insert into inventory (product_id, store_id, qty, aisle) values ('36104283750510', 6, 151, 3);
insert into inventory (product_id, store_id, qty, aisle) values ('46419673715688', 1, 228, 17);
insert into inventory (product_id, store_id, qty, aisle) values ('86302425301028', 6, 113, 15);
insert into inventory (product_id, store_id, qty, aisle) values ('20605577847315', 3, 47, 13);
insert into inventory (product_id, store_id, qty, aisle) values ('96319425702873', 4, 193, 9);
insert into inventory (product_id, store_id, qty, aisle) values ('60879556112801', 3, 184, 20);
insert into inventory (product_id, store_id, qty, aisle) values ('58597990701606', 6, 206, 7);
insert into inventory (product_id, store_id, qty, aisle) values ('09587656098594', 4, 94, 18);
insert into inventory (product_id, store_id, qty, aisle) values ('53983713924125', 5, 49, 8);
insert into inventory (product_id, store_id, qty, aisle) values ('10596539647466', 1, 244, 1);
insert into inventory (product_id, store_id, qty, aisle) values ('95086242263843', 2, 116, 3);
insert into inventory (product_id, store_id, qty, aisle) values ('29077340971333', 2, 78, 9);
insert into inventory (product_id, store_id, qty, aisle) values ('42831603789972', 1, 191, 6);
insert into inventory (product_id, store_id, qty, aisle) values ('24831162852563', 2, 113, 9);
insert into inventory (product_id, store_id, qty, aisle) values ('63916368942849', 4, 200, 17);
insert into inventory (product_id, store_id, qty, aisle) values ('23324550823754', 4, 208, 14);
insert into inventory (product_id, store_id, qty, aisle) values ('93175555464936', 5, 75, 18);
insert into inventory (product_id, store_id, qty, aisle) values ('61113931336497', 4, 45, 2);
insert into inventory (product_id, store_id, qty, aisle) values ('43987919894307', 6, 108, 5);
insert into inventory (product_id, store_id, qty, aisle) values ('41349553787186', 2, 187, 3);
insert into inventory (product_id, store_id, qty, aisle) values ('14072719932056', 3, 58, 6);
insert into inventory (product_id, store_id, qty, aisle) values ('60427179169404', 2, 246, 15);
insert into inventory (product_id, store_id, qty, aisle) values ('23171322009885', 3, 247, 20);
insert into inventory (product_id, store_id, qty, aisle) values ('72306703118556', 4, 188, 4);
insert into inventory (product_id, store_id, qty, aisle) values ('06943548640583', 3, 41, 9);
insert into inventory (product_id, store_id, qty, aisle) values ('35074644674641', 2, 168, 7);
insert into inventory (product_id, store_id, qty, aisle) values ('69011801599645', 1, 155, 20);
insert into inventory (product_id, store_id, qty, aisle) values ('71346188208087', 2, 196, 18);
insert into inventory (product_id, store_id, qty, aisle) values ('40731990184088', 2, 132, 14);
insert into inventory (product_id, store_id, qty, aisle) values ('65310807776866', 5, 96, 20);
insert into inventory (product_id, store_id, qty, aisle) values ('63621924877960', 4, 36, 2);
insert into inventory (product_id, store_id, qty, aisle) values ('53623954706035', 1, 199, 19);
insert into inventory (product_id, store_id, qty, aisle) values ('39742477893507', 4, 50, 19);
insert into inventory (product_id, store_id, qty, aisle) values ('38042956439130', 5, 140, 14);
insert into inventory (product_id, store_id, qty, aisle) values ('54412269974736', 3, 199, 11);
insert into inventory (product_id, store_id, qty, aisle) values ('79088613631172', 2, 38, 20);
insert into inventory (product_id, store_id, qty, aisle) values ('54245255745758', 5, 73, 4);
insert into inventory (product_id, store_id, qty, aisle) values ('94069879670008', 6, 57, 17);
insert into inventory (product_id, store_id, qty, aisle) values ('52014101622390', 3, 131, 14);
insert into inventory (product_id, store_id, qty, aisle) values ('43591488832893', 3, 96, 6);
insert into inventory (product_id, store_id, qty, aisle) values ('34056903925903', 4, 179, 20);
insert into inventory (product_id, store_id, qty, aisle) values ('83659420760481', 5, 233, 18);
insert into inventory (product_id, store_id, qty, aisle) values ('83038006417915', 1, 201, 5);
insert into inventory (product_id, store_id, qty, aisle) values ('98557002641289', 5, 97, 2);
insert into inventory (product_id, store_id, qty, aisle) values ('71527564213738', 1, 199, 12);
insert into inventory (product_id, store_id, qty, aisle) values ('01616874890529', 6, 238, 20);
insert into inventory (product_id, store_id, qty, aisle) values ('99195313521888', 2, 35, 15);
insert into inventory (product_id, store_id, qty, aisle) values ('40781732550483', 3, 124, 13);
insert into inventory (product_id, store_id, qty, aisle) values ('44569837067395', 2, 80, 14);
insert into inventory (product_id, store_id, qty, aisle) values ('48709747931749', 1, 115, 17);
insert into inventory (product_id, store_id, qty, aisle) values ('38551315536906', 4, 61, 18);
insert into inventory (product_id, store_id, qty, aisle) values ('76499859577021', 6, 35, 10);
insert into inventory (product_id, store_id, qty, aisle) values ('09587656098594', 2, 135, 20);
insert into inventory (product_id, store_id, qty, aisle) values ('75140173749651', 3, 198, 7);
insert into inventory (product_id, store_id, qty, aisle) values ('78796532209168', 3, 243, 9);
insert into inventory (product_id, store_id, qty, aisle) values ('63257497029589', 4, 115, 15);
insert into inventory (product_id, store_id, qty, aisle) values ('89343639741879', 4, 200, 14);
insert into inventory (product_id, store_id, qty, aisle) values ('95839534453431', 5, 44, 14);
insert into inventory (product_id, store_id, qty, aisle) values ('91024358065579', 3, 199, 7);
insert into inventory (product_id, store_id, qty, aisle) values ('13017764501523', 3, 226, 4);
insert into inventory (product_id, store_id, qty, aisle) values ('19403951695086', 5, 207, 17);
insert into inventory (product_id, store_id, qty, aisle) values ('16925990499358', 2, 37, 9);
insert into inventory (product_id, store_id, qty, aisle) values ('68751155687005', 3, 202, 3);
insert into inventory (product_id, store_id, qty, aisle) values ('66059971535970', 4, 56, 14);
insert into inventory (product_id, store_id, qty, aisle) values ('76619163031750', 6, 118, 14);
insert into inventory (product_id, store_id, qty, aisle) values ('06176991958785', 6, 182, 15);
insert into inventory (product_id, store_id, qty, aisle) values ('77169447817823', 5, 66, 9);
insert into inventory (product_id, store_id, qty, aisle) values ('52014101622390', 5, 46, 10);
insert into inventory (product_id, store_id, qty, aisle) values ('31837900485240', 4, 200, 6);
insert into inventory (product_id, store_id, qty, aisle) values ('20741750475556', 4, 156, 1);
insert into inventory (product_id, store_id, qty, aisle) values ('07381266696401', 3, 147, 11);
insert into inventory (product_id, store_id, qty, aisle) values ('84525582172608', 5, 59, 11);
insert into inventory (product_id, store_id, qty, aisle) values ('92177932905549', 5, 50, 11);
insert into inventory (product_id, store_id, qty, aisle) values ('96282843720951', 2, 178, 16);
insert into inventory (product_id, store_id, qty, aisle) values ('20187339514367', 3, 165, 15);
insert into inventory (product_id, store_id, qty, aisle) values ('61113931336497', 2, 116, 16);
insert into inventory (product_id, store_id, qty, aisle) values ('95640597926671', 1, 87, 6);
insert into inventory (product_id, store_id, qty, aisle) values ('16847538966929', 3, 204, 16);
insert into inventory (product_id, store_id, qty, aisle) values ('69020380518665', 6, 65, 2);
insert into inventory (product_id, store_id, qty, aisle) values ('52868796449594', 2, 205, 17);
insert into inventory (product_id, store_id, qty, aisle) values ('85167803901482', 1, 164, 16);
insert into inventory (product_id, store_id, qty, aisle) values ('70513400751907', 2, 102, 20);
insert into inventory (product_id, store_id, qty, aisle) values ('36827496413689', 3, 172, 7);
insert into inventory (product_id, store_id, qty, aisle) values ('63173799150513', 5, 208, 11);
insert into inventory (product_id, store_id, qty, aisle) values ('35302021986454', 6, 65, 13);
insert into inventory (product_id, store_id, qty, aisle) values ('88647771029051', 4, 28, 1);
insert into inventory (product_id, store_id, qty, aisle) values ('06943548640583', 4, 171, 8);
insert into inventory (product_id, store_id, qty, aisle) values ('23050422848700', 2, 44, 9);
insert into inventory (product_id, store_id, qty, aisle) values ('83443277929478', 4, 192, 19);
insert into inventory (product_id, store_id, qty, aisle) values ('16410955805772', 5, 206, 16);
insert into inventory (product_id, store_id, qty, aisle) values ('06457712399206', 2, 216, 9);
insert into inventory (product_id, store_id, qty, aisle) values ('24925010090164', 5, 160, 8);
insert into inventory (product_id, store_id, qty, aisle) values ('60607907307183', 2, 158, 15);
insert into inventory (product_id, store_id, qty, aisle) values ('94843278066205', 6, 153, 18);
insert into inventory (product_id, store_id, qty, aisle) values ('30021911702361', 3, 160, 20);
insert into inventory (product_id, store_id, qty, aisle) values ('83443277929478', 5, 222, 16);
insert into inventory (product_id, store_id, qty, aisle) values ('43591488832893', 1, 145, 6);
insert into inventory (product_id, store_id, qty, aisle) values ('66059971535970', 1, 118, 16);
insert into inventory (product_id, store_id, qty, aisle) values ('88848282909116', 3, 85, 9);
insert into inventory (product_id, store_id, qty, aisle) values ('85663512308185', 6, 42, 2);
insert into inventory (product_id, store_id, qty, aisle) values ('92180117731548', 2, 137, 11);
insert into inventory (product_id, store_id, qty, aisle) values ('11303858962092', 3, 218, 17);
insert into inventory (product_id, store_id, qty, aisle) values ('95210536412740', 1, 193, 8);
insert into inventory (product_id, store_id, qty, aisle) values ('95640597926671', 1, 118, 17);
insert into inventory (product_id, store_id, qty, aisle) values ('05136516402201', 2, 45, 11);
insert into inventory (product_id, store_id, qty, aisle) values ('35611031083826', 4, 32, 11);
insert into inventory (product_id, store_id, qty, aisle) values ('22106305404182', 5, 92, 2);
insert into inventory (product_id, store_id, qty, aisle) values ('45178179390871', 1, 76, 16);
insert into inventory (product_id, store_id, qty, aisle) values ('26032983695880', 6, 41, 19);
insert into inventory (product_id, store_id, qty, aisle) values ('20220147268959', 6, 234, 19);
insert into inventory (product_id, store_id, qty, aisle) values ('69911244684218', 1, 33, 8);
insert into inventory (product_id, store_id, qty, aisle) values ('43345963947101', 2, 75, 20);
insert into inventory (product_id, store_id, qty, aisle) values ('47324630744366', 2, 44, 20);
insert into inventory (product_id, store_id, qty, aisle) values ('26032983695880', 2, 196, 4);
insert into inventory (product_id, store_id, qty, aisle) values ('35826441826296', 5, 55, 12);
insert into inventory (product_id, store_id, qty, aisle) values ('00669940784164', 4, 214, 2);
insert into inventory (product_id, store_id, qty, aisle) values ('94707753495160', 6, 47, 19);
insert into inventory (product_id, store_id, qty, aisle) values ('12155563494997', 6, 126, 4);
insert into inventory (product_id, store_id, qty, aisle) values ('34178446506367', 5, 41, 11);
insert into inventory (product_id, store_id, qty, aisle) values ('53095996001793', 2, 169, 3);
insert into inventory (product_id, store_id, qty, aisle) values ('52868796449594', 4, 44, 3);
insert into inventory (product_id, store_id, qty, aisle) values ('98096973827593', 1, 160, 4);
insert into inventory (product_id, store_id, qty, aisle) values ('48503762729149', 5, 144, 13);
insert into inventory (product_id, store_id, qty, aisle) values ('26630453284600', 4, 145, 16);
insert into inventory (product_id, store_id, qty, aisle) values ('10338897053648', 5, 30, 18);
insert into inventory (product_id, store_id, qty, aisle) values ('80790721950663', 3, 28, 10);
insert into inventory (product_id, store_id, qty, aisle) values ('43998820233513', 2, 80, 2);
insert into inventory (product_id, store_id, qty, aisle) values ('61611325913327', 2, 157, 10);
insert into inventory (product_id, store_id, qty, aisle) values ('47688930240828', 4, 43, 4);
insert into inventory (product_id, store_id, qty, aisle) values ('40106639169438', 2, 226, 19);
insert into inventory (product_id, store_id, qty, aisle) values ('34056903925903', 1, 238, 16);
insert into inventory (product_id, store_id, qty, aisle) values ('69911244684218', 5, 27, 13);
insert into inventory (product_id, store_id, qty, aisle) values ('28945682698385', 6, 60, 5);
insert into inventory (product_id, store_id, qty, aisle) values ('02077945435357', 5, 238, 20);
insert into inventory (product_id, store_id, qty, aisle) values ('01469722328771', 5, 117, 20);
insert into inventory (product_id, store_id, qty, aisle) values ('80143864369851', 4, 210, 10);
insert into inventory (product_id, store_id, qty, aisle) values ('63447153725166', 1, 173, 20);
insert into inventory (product_id, store_id, qty, aisle) values ('08721841069453', 4, 243, 20);
insert into inventory (product_id, store_id, qty, aisle) values ('08325334726691', 5, 198, 5);
insert into inventory (product_id, store_id, qty, aisle) values ('95231563768074', 4, 244, 1);
insert into inventory (product_id, store_id, qty, aisle) values ('36480688376637', 4, 189, 11);
insert into inventory (product_id, store_id, qty, aisle) values ('30266775294863', 5, 86, 16);
insert into inventory (product_id, store_id, qty, aisle) values ('79373797298041', 4, 232, 8);
insert into inventory (product_id, store_id, qty, aisle) values ('98955355563905', 6, 230, 7);
insert into inventory (product_id, store_id, qty, aisle) values ('35611031083826', 5, 106, 16);
insert into inventory (product_id, store_id, qty, aisle) values ('57282488750870', 2, 84, 14);
insert into inventory (product_id, store_id, qty, aisle) values ('20076338969877', 2, 104, 7);
insert into inventory (product_id, store_id, qty, aisle) values ('00036632035769', 4, 118, 19);
insert into inventory (product_id, store_id, qty, aisle) values ('51007782482794', 4, 140, 18);
insert into inventory (product_id, store_id, qty, aisle) values ('30070132009042', 4, 85, 4);
insert into inventory (product_id, store_id, qty, aisle) values ('24244238652172', 5, 109, 2);
insert into inventory (product_id, store_id, qty, aisle) values ('61871357956843', 1, 237, 6);
insert into inventory (product_id, store_id, qty, aisle) values ('90380075028125', 3, 176, 7);
insert into inventory (product_id, store_id, qty, aisle) values ('80587012468159', 4, 49, 10);
insert into inventory (product_id, store_id, qty, aisle) values ('99242101316084', 1, 133, 5);
insert into inventory (product_id, store_id, qty, aisle) values ('13223399672688', 3, 170, 3);
insert into inventory (product_id, store_id, qty, aisle) values ('68817563584460', 2, 186, 6);
insert into inventory (product_id, store_id, qty, aisle) values ('65754160328953', 2, 100, 4);
insert into inventory (product_id, store_id, qty, aisle) values ('57615516877997', 6, 186, 8);
insert into inventory (product_id, store_id, qty, aisle) values ('77491435974905', 1, 129, 1);
insert into inventory (product_id, store_id, qty, aisle) values ('71659129909928', 2, 92, 7);
insert into inventory (product_id, store_id, qty, aisle) values ('48537178206824', 1, 185, 18);
insert into inventory (product_id, store_id, qty, aisle) values ('89236986396969', 1, 232, 9);
insert into inventory (product_id, store_id, qty, aisle) values ('76619163031750', 3, 61, 6);
insert into inventory (product_id, store_id, qty, aisle) values ('71474868511354', 2, 139, 12);
insert into inventory (product_id, store_id, qty, aisle) values ('55919255533034', 3, 50, 6);
insert into inventory (product_id, store_id, qty, aisle) values ('74841047516520', 5, 68, 2);
insert into inventory (product_id, store_id, qty, aisle) values ('30021911702361', 3, 118, 17);
insert into inventory (product_id, store_id, qty, aisle) values ('44772672496471', 1, 200, 4);
insert into inventory (product_id, store_id, qty, aisle) values ('69598280387040', 4, 55, 9);
insert into inventory (product_id, store_id, qty, aisle) values ('61733551416815', 4, 196, 8);
insert into inventory (product_id, store_id, qty, aisle) values ('53762087038747', 5, 48, 19);
insert into inventory (product_id, store_id, qty, aisle) values ('00060729774053', 6, 190, 7);
insert into inventory (product_id, store_id, qty, aisle) values ('75254721262974', 5, 70, 19);
insert into inventory (product_id, store_id, qty, aisle) values ('41887381077586', 3, 232, 7);
insert into inventory (product_id, store_id, qty, aisle) values ('58768045041637', 1, 56, 13);
insert into inventory (product_id, store_id, qty, aisle) values ('56445324935958', 6, 176, 9);
insert into inventory (product_id, store_id, qty, aisle) values ('53889722113027', 5, 241, 16);
insert into inventory (product_id, store_id, qty, aisle) values ('34056903925903', 5, 77, 13);
insert into inventory (product_id, store_id, qty, aisle) values ('97148571579968', 5, 83, 11);
insert into inventory (product_id, store_id, qty, aisle) values ('68013498244785', 6, 32, 17);
insert into inventory (product_id, store_id, qty, aisle) values ('19302403907620', 3, 97, 20);
insert into inventory (product_id, store_id, qty, aisle) values ('16753397337999', 6, 138, 14);
insert into inventory (product_id, store_id, qty, aisle) values ('66598233281493', 6, 213, 13);
insert into inventory (product_id, store_id, qty, aisle) values ('70907984515365', 4, 84, 5);
insert into inventory (product_id, store_id, qty, aisle) values ('41342371544734', 1, 60, 18);
insert into inventory (product_id, store_id, qty, aisle) values ('55227434983601', 2, 228, 8);
insert into inventory (product_id, store_id, qty, aisle) values ('44772672496471', 5, 249, 13);
insert into inventory (product_id, store_id, qty, aisle) values ('17604455820631', 1, 169, 12);
insert into inventory (product_id, store_id, qty, aisle) values ('75254721262974', 5, 191, 1);
insert into inventory (product_id, store_id, qty, aisle) values ('52658154237546', 2, 150, 8);
insert into inventory (product_id, store_id, qty, aisle) values ('66595459124868', 5, 91, 13);
insert into inventory (product_id, store_id, qty, aisle) values ('24156702296196', 6, 86, 10);
insert into inventory (product_id, store_id, qty, aisle) values ('71003261048530', 3, 158, 3);
insert into inventory (product_id, store_id, qty, aisle) values ('43015609440914', 6, 93, 13);
insert into inventory (product_id, store_id, qty, aisle) values ('88635750737385', 5, 166, 4);
insert into inventory (product_id, store_id, qty, aisle) values ('01803698915973', 1, 207, 15);
insert into inventory (product_id, store_id, qty, aisle) values ('14621527057399', 4, 96, 20);
insert into inventory (product_id, store_id, qty, aisle) values ('33139022167317', 4, 148, 5);
insert into inventory (product_id, store_id, qty, aisle) values ('87296275711507', 5, 224, 13);
insert into inventory (product_id, store_id, qty, aisle) values ('71474868511354', 2, 213, 16);
insert into inventory (product_id, store_id, qty, aisle) values ('77292718355120', 6, 26, 4);
insert into inventory (product_id, store_id, qty, aisle) values ('40594219692550', 6, 89, 1);
insert into inventory (product_id, store_id, qty, aisle) values ('53865344235897', 2, 241, 1);
insert into inventory (product_id, store_id, qty, aisle) values ('58768045041637', 3, 106, 18);
insert into inventory (product_id, store_id, qty, aisle) values ('32523019951361', 5, 84, 13);
insert into inventory (product_id, store_id, qty, aisle) values ('10673727935014', 2, 98, 5);
insert into inventory (product_id, store_id, qty, aisle) values ('09028845516080', 5, 180, 12);
insert into inventory (product_id, store_id, qty, aisle) values ('17738489065993', 4, 59, 17);
insert into inventory (product_id, store_id, qty, aisle) values ('34458197701794', 5, 104, 17);
insert into inventory (product_id, store_id, qty, aisle) values ('00086993749948', 3, 177, 12);
insert into inventory (product_id, store_id, qty, aisle) values ('89823948212919', 4, 150, 1);
insert into inventory (product_id, store_id, qty, aisle) values ('38686244613247', 4, 221, 15);
insert into inventory (product_id, store_id, qty, aisle) values ('43028605075228', 2, 133, 10);
insert into inventory (product_id, store_id, qty, aisle) values ('20237091885443', 6, 168, 4);
insert into inventory (product_id, store_id, qty, aisle) values ('66388230045674', 1, 201, 4);
insert into inventory (product_id, store_id, qty, aisle) values ('88091681461147', 5, 88, 5);
insert into inventory (product_id, store_id, qty, aisle) values ('66827384570553', 3, 223, 17);
insert into inventory (product_id, store_id, qty, aisle) values ('79038709365519', 5, 153, 9);
insert into inventory (product_id, store_id, qty, aisle) values ('14217056680077', 3, 160, 1);
insert into inventory (product_id, store_id, qty, aisle) values ('36480688376637', 3, 129, 5);
insert into inventory (product_id, store_id, qty, aisle) values ('60630741193911', 5, 26, 6);
insert into inventory (product_id, store_id, qty, aisle) values ('78318982112013', 3, 147, 5);
insert into inventory (product_id, store_id, qty, aisle) values ('04143982262573', 2, 35, 1);
insert into inventory (product_id, store_id, qty, aisle) values ('87110551919359', 5, 78, 16);
insert into inventory (product_id, store_id, qty, aisle) values ('60647392774660', 5, 61, 20);
insert into inventory (product_id, store_id, qty, aisle) values ('36520579246934', 5, 84, 13);
insert into inventory (product_id, store_id, qty, aisle) values ('66130477396176', 1, 220, 17);
insert into inventory (product_id, store_id, qty, aisle) values ('30520748343620', 5, 32, 15);
insert into inventory (product_id, store_id, qty, aisle) values ('57343109945503', 3, 51, 9);
insert into inventory (product_id, store_id, qty, aisle) values ('64440757289853', 2, 174, 14);
insert into inventory (product_id, store_id, qty, aisle) values ('12458763496690', 3, 101, 10);
insert into inventory (product_id, store_id, qty, aisle) values ('48889055355812', 6, 36, 20);
insert into inventory (product_id, store_id, qty, aisle) values ('01003152813147', 6, 40, 11);
insert into inventory (product_id, store_id, qty, aisle) values ('83659420760481', 2, 55, 7);
insert into inventory (product_id, store_id, qty, aisle) values ('60647392774660', 2, 234, 12);
insert into inventory (product_id, store_id, qty, aisle) values ('18462414589885', 2, 56, 10);
insert into inventory (product_id, store_id, qty, aisle) values ('16220635579884', 5, 107, 2);
insert into inventory (product_id, store_id, qty, aisle) values ('83048713228978', 3, 206, 8);
insert into inventory (product_id, store_id, qty, aisle) values ('23572321401152', 6, 96, 12);
insert into inventory (product_id, store_id, qty, aisle) values ('87110551919359', 4, 113, 12);
insert into inventory (product_id, store_id, qty, aisle) values ('71347714314917', 6, 44, 11);
insert into inventory (product_id, store_id, qty, aisle) values ('73398143808405', 6, 201, 3);
insert into inventory (product_id, store_id, qty, aisle) values ('09618814321433', 4, 144, 8);
insert into inventory (product_id, store_id, qty, aisle) values ('69444443533451', 5, 60, 6);
insert into inventory (product_id, store_id, qty, aisle) values ('75068036820221', 4, 160, 14);
insert into inventory (product_id, store_id, qty, aisle) values ('66598233281493', 4, 50, 17);
insert into inventory (product_id, store_id, qty, aisle) values ('37214064728589', 3, 248, 8);
insert into inventory (product_id, store_id, qty, aisle) values ('52868796449594', 6, 132, 15);
insert into inventory (product_id, store_id, qty, aisle) values ('65898878092283', 3, 82, 2);
insert into inventory (product_id, store_id, qty, aisle) values ('26285705734347', 5, 136, 9);
insert into inventory (product_id, store_id, qty, aisle) values ('95640597926671', 2, 210, 5);
insert into inventory (product_id, store_id, qty, aisle) values ('39389779402218', 1, 127, 7);
insert into inventory (product_id, store_id, qty, aisle) values ('63220427277322', 1, 86, 12);
insert into inventory (product_id, store_id, qty, aisle) values ('82102334162053', 1, 209, 14);
insert into inventory (product_id, store_id, qty, aisle) values ('50051263541908', 5, 244, 16);
insert into inventory (product_id, store_id, qty, aisle) values ('50051263541908', 2, 152, 11);
insert into inventory (product_id, store_id, qty, aisle) values ('08068277535372', 5, 53, 12);
insert into inventory (product_id, store_id, qty, aisle) values ('85345408731981', 6, 115, 10);
insert into inventory (product_id, store_id, qty, aisle) values ('94943160042158', 4, 86, 6);
insert into inventory (product_id, store_id, qty, aisle) values ('93175555464936', 4, 217, 20);
insert into inventory (product_id, store_id, qty, aisle) values ('40848861318574', 2, 72, 1);
insert into inventory (product_id, store_id, qty, aisle) values ('17153148573086', 4, 204, 5);
insert into inventory (product_id, store_id, qty, aisle) values ('00036632035769', 2, 31, 6);
insert into inventory (product_id, store_id, qty, aisle) values ('30893703758356', 5, 247, 7);
insert into inventory (product_id, store_id, qty, aisle) values ('07467676409170', 6, 205, 12);
insert into inventory (product_id, store_id, qty, aisle) values ('67773460825633', 2, 78, 12);
insert into inventory (product_id, store_id, qty, aisle) values ('31842339504471', 2, 111, 20);
insert into inventory (product_id, store_id, qty, aisle) values ('28425603300868', 6, 137, 20);
insert into inventory (product_id, store_id, qty, aisle) values ('66201337598096', 6, 97, 14);
insert into inventory (product_id, store_id, qty, aisle) values ('09175686989853', 1, 164, 20);
insert into inventory (product_id, store_id, qty, aisle) values ('18239406005658', 3, 195, 15);
insert into inventory (product_id, store_id, qty, aisle) values ('66213790646887', 4, 103, 20);
insert into inventory (product_id, store_id, qty, aisle) values ('21506297619253', 3, 218, 9);
insert into inventory (product_id, store_id, qty, aisle) values ('00931075385502', 2, 176, 17);
insert into inventory (product_id, store_id, qty, aisle) values ('07381266696401', 4, 152, 6);
insert into inventory (product_id, store_id, qty, aisle) values ('57432862603688', 6, 158, 13);
insert into inventory (product_id, store_id, qty, aisle) values ('44873405915128', 1, 175, 8);
insert into inventory (product_id, store_id, qty, aisle) values ('42538135481959', 2, 231, 7);
insert into inventory (product_id, store_id, qty, aisle) values ('56681437701095', 3, 209, 6);
insert into inventory (product_id, store_id, qty, aisle) values ('75068036820221', 6, 68, 12);
insert into inventory (product_id, store_id, qty, aisle) values ('00028400164948', 3, 215, 20);
insert into inventory (product_id, store_id, qty, aisle) values ('40594219692550', 1, 50, 7);
insert into inventory (product_id, store_id, qty, aisle) values ('14637753059135', 4, 151, 12);
insert into inventory (product_id, store_id, qty, aisle) values ('97390061122945', 4, 28, 1);
insert into inventory (product_id, store_id, qty, aisle) values ('66574114114592', 4, 67, 3);
insert into inventory (product_id, store_id, qty, aisle) values ('93175555464936', 5, 245, 3);
insert into inventory (product_id, store_id, qty, aisle) values ('52405959262739', 2, 155, 20);
insert into inventory (product_id, store_id, qty, aisle) values ('89823948212919', 3, 122, 4);
insert into inventory (product_id, store_id, qty, aisle) values ('47490634425485', 3, 53, 7);
insert into inventory (product_id, store_id, qty, aisle) values ('79818911273526', 2, 157, 2);
insert into inventory (product_id, store_id, qty, aisle) values ('24925010090164', 6, 41, 10);
insert into inventory (product_id, store_id, qty, aisle) values ('85180571964913', 3, 93, 2);
insert into inventory (product_id, store_id, qty, aisle) values ('77087311673867', 2, 74, 3);
insert into inventory (product_id, store_id, qty, aisle) values ('90274471819677', 3, 162, 8);
insert into inventory (product_id, store_id, qty, aisle) values ('95640597926671', 2, 161, 9);
insert into inventory (product_id, store_id, qty, aisle) values ('56240427529533', 4, 249, 2);
insert into inventory (product_id, store_id, qty, aisle) values ('41887381077586', 1, 217, 17);
insert into inventory (product_id, store_id, qty, aisle) values ('09175686989853', 6, 25, 14);
insert into inventory (product_id, store_id, qty, aisle) values ('02719636336018', 4, 232, 8);
insert into inventory (product_id, store_id, qty, aisle) values ('70513400751907', 5, 67, 7);
insert into inventory (product_id, store_id, qty, aisle) values ('89045561423698', 5, 115, 5);
insert into inventory (product_id, store_id, qty, aisle) values ('49796278094335', 1, 156, 10);
insert into inventory (product_id, store_id, qty, aisle) values ('54587673540803', 6, 43, 1);
insert into inventory (product_id, store_id, qty, aisle) values ('05869446897265', 5, 88, 13);
insert into inventory (product_id, store_id, qty, aisle) values ('21522979342922', 1, 73, 16);
insert into inventory (product_id, store_id, qty, aisle) values ('18801280376834', 2, 37, 6);
insert into inventory (product_id, store_id, qty, aisle) values ('24244238652172', 2, 115, 9);
insert into inventory (product_id, store_id, qty, aisle) values ('00343620859459', 3, 199, 17);
insert into inventory (product_id, store_id, qty, aisle) values ('81681482263262', 5, 196, 17);
insert into inventory (product_id, store_id, qty, aisle) values ('24578336662867', 4, 39, 7);
insert into inventory (product_id, store_id, qty, aisle) values ('19259749642000', 5, 71, 10);
insert into inventory (product_id, store_id, qty, aisle) values ('40781732550483', 4, 93, 18);
insert into inventory (product_id, store_id, qty, aisle) values ('45572342462578', 3, 147, 5);
insert into inventory (product_id, store_id, qty, aisle) values ('02109878709062', 5, 37, 17);
insert into inventory (product_id, store_id, qty, aisle) values ('06176991958785', 5, 177, 4);
insert into inventory (product_id, store_id, qty, aisle) values ('94912823231631', 5, 97, 3);
insert into inventory (product_id, store_id, qty, aisle) values ('17991845816367', 2, 197, 20);
insert into inventory (product_id, store_id, qty, aisle) values ('74953937900938', 4, 211, 2);
insert into inventory (product_id, store_id, qty, aisle) values ('26349453995507', 4, 72, 13);
insert into inventory (product_id, store_id, qty, aisle) values ('77763078430678', 4, 49, 8);
insert into inventory (product_id, store_id, qty, aisle) values ('05529937074940', 6, 220, 5);
insert into inventory (product_id, store_id, qty, aisle) values ('48709747931749', 3, 168, 15);
insert into inventory (product_id, store_id, qty, aisle) values ('53879716148973', 3, 218, 1);
insert into inventory (product_id, store_id, qty, aisle) values ('80790721950663', 4, 108, 17);
insert into inventory (product_id, store_id, qty, aisle) values ('46695359449078', 2, 207, 16);
insert into inventory (product_id, store_id, qty, aisle) values ('75328067401330', 3, 220, 19);
insert into inventory (product_id, store_id, qty, aisle) values ('82102334162053', 5, 176, 11);
insert into inventory (product_id, store_id, qty, aisle) values ('57264773512345', 3, 155, 10);
insert into inventory (product_id, store_id, qty, aisle) values ('50445887731894', 1, 205, 4);
insert into inventory (product_id, store_id, qty, aisle) values ('79373797298041', 6, 235, 7);
insert into inventory (product_id, store_id, qty, aisle) values ('54328354972398', 1, 153, 6);
insert into inventory (product_id, store_id, qty, aisle) values ('87989990209873', 1, 99, 18);
insert into inventory (product_id, store_id, qty, aisle) values ('29077340971333', 1, 135, 3);
insert into inventory (product_id, store_id, qty, aisle) values ('96282843720951', 2, 160, 20);
insert into inventory (product_id, store_id, qty, aisle) values ('00021000028238', 6, 221, 11);
insert into inventory (product_id, store_id, qty, aisle) values ('50029272201990', 1, 121, 2);
insert into inventory (product_id, store_id, qty, aisle) values ('48421092144123', 3, 72, 1);
insert into inventory (product_id, store_id, qty, aisle) values ('13248944594569', 4, 93, 3);
insert into inventory (product_id, store_id, qty, aisle) values ('77491435974905', 5, 148, 18);
insert into inventory (product_id, store_id, qty, aisle) values ('06943548640583', 2, 211, 18);
insert into inventory (product_id, store_id, qty, aisle) values ('34056903925903', 6, 205, 14);
insert into inventory (product_id, store_id, qty, aisle) values ('48570821592883', 3, 129, 4);
insert into inventory (product_id, store_id, qty, aisle) values ('23572321401152', 5, 49, 12);
insert into inventory (product_id, store_id, qty, aisle) values ('42140810828527', 3, 39, 11);
insert into inventory (product_id, store_id, qty, aisle) values ('80259157037968', 2, 127, 3);
insert into inventory (product_id, store_id, qty, aisle) values ('75328067401330', 3, 188, 14);
insert into inventory (product_id, store_id, qty, aisle) values ('95467905587053', 6, 180, 18);
insert into inventory (product_id, store_id, qty, aisle) values ('44873405915128', 2, 187, 9);
insert into inventory (product_id, store_id, qty, aisle) values ('19039409790925', 4, 111, 4);
insert into inventory (product_id, store_id, qty, aisle) values ('75732835770022', 1, 194, 8);
insert into inventory (product_id, store_id, qty, aisle) values ('61871357956843', 6, 122, 5);
insert into inventory (product_id, store_id, qty, aisle) values ('02962953799998', 6, 134, 5);
insert into inventory (product_id, store_id, qty, aisle) values ('31867910734872', 6, 167, 14);
insert into inventory (product_id, store_id, qty, aisle) values ('07446239944299', 4, 50, 12);
insert into inventory (product_id, store_id, qty, aisle) values ('42496593799169', 1, 82, 19);
insert into inventory (product_id, store_id, qty, aisle) values ('42523984162291', 5, 45, 16);
insert into inventory (product_id, store_id, qty, aisle) values ('18801280376834', 6, 159, 3);
insert into inventory (product_id, store_id, qty, aisle) values ('60060317790725', 2, 160, 11);
insert into inventory (product_id, store_id, qty, aisle) values ('88091681461147', 6, 186, 16);
insert into inventory (product_id, store_id, qty, aisle) values ('89823948212919', 4, 124, 10);
insert into inventory (product_id, store_id, qty, aisle) values ('77169447817823', 1, 42, 12);
insert into inventory (product_id, store_id, qty, aisle) values ('44873405915128', 5, 196, 10);
insert into inventory (product_id, store_id, qty, aisle) values ('17139815792818', 4, 125, 12);
insert into inventory (product_id, store_id, qty, aisle) values ('71347714314917', 4, 106, 13);
insert into inventory (product_id, store_id, qty, aisle) values ('44285580554445', 2, 156, 9);
insert into inventory (product_id, store_id, qty, aisle) values ('28925719173554', 6, 70, 19);
insert into inventory (product_id, store_id, qty, aisle) values ('63237999364297', 5, 180, 19);
insert into inventory (product_id, store_id, qty, aisle) values ('88091681461147', 6, 128, 2);
insert into inventory (product_id, store_id, qty, aisle) values ('10336701977877', 5, 28, 16);
insert into inventory (product_id, store_id, qty, aisle) values ('06884315843463', 4, 236, 20);
insert into inventory (product_id, store_id, qty, aisle) values ('27981733431023', 6, 168, 2);
insert into inventory (product_id, store_id, qty, aisle) values ('23314265319132', 3, 103, 9);
insert into inventory (product_id, store_id, qty, aisle) values ('90274471819677', 3, 27, 18);
insert into inventory (product_id, store_id, qty, aisle) values ('70068371041561', 2, 109, 18);
insert into inventory (product_id, store_id, qty, aisle) values ('31989202157486', 2, 190, 1);
insert into inventory (product_id, store_id, qty, aisle) values ('22574575928025', 5, 191, 18);
insert into inventory (product_id, store_id, qty, aisle) values ('90218687350340', 1, 208, 9);
insert into inventory (product_id, store_id, qty, aisle) values ('85270597609578', 3, 90, 4);
insert into inventory (product_id, store_id, qty, aisle) values ('24244238652172', 5, 179, 20);
insert into inventory (product_id, store_id, qty, aisle) values ('23449849430954', 5, 75, 20);
insert into inventory (product_id, store_id, qty, aisle) values ('27659949341720', 1, 220, 18);
insert into inventory (product_id, store_id, qty, aisle) values ('34458197701794', 6, 149, 18);
insert into inventory (product_id, store_id, qty, aisle) values ('94943160042158', 5, 185, 3);
insert into inventory (product_id, store_id, qty, aisle) values ('66598233281493', 4, 152, 7);
insert into inventory (product_id, store_id, qty, aisle) values ('20099053237863', 6, 210, 5);
insert into inventory (product_id, store_id, qty, aisle) values ('00028400164948', 4, 48, 12);
insert into inventory (product_id, store_id, qty, aisle) values ('38435635910397', 4, 156, 19);
insert into inventory (product_id, store_id, qty, aisle) values ('16220635579884', 1, 49, 19);
insert into inventory (product_id, store_id, qty, aisle) values ('52405959262739', 3, 117, 6);
insert into inventory (product_id, store_id, qty, aisle) values ('77491435974905', 4, 246, 19);
insert into inventory (product_id, store_id, qty, aisle) values ('97287667188291', 5, 38, 14);
insert into inventory (product_id, store_id, qty, aisle) values ('87581771753274', 5, 236, 13);
insert into inventory (product_id, store_id, qty, aisle) values ('91918328448615', 6, 235, 13);
insert into inventory (product_id, store_id, qty, aisle) values ('88635750737385', 1, 34, 16);
insert into inventory (product_id, store_id, qty, aisle) values ('55064342603049', 2, 232, 13);
insert into inventory (product_id, store_id, qty, aisle) values ('03672558661157', 4, 30, 14);
insert into inventory (product_id, store_id, qty, aisle) values ('83048713228978', 4, 238, 19);
insert into inventory (product_id, store_id, qty, aisle) values ('57228981235106', 6, 175, 8);
insert into inventory (product_id, store_id, qty, aisle) values ('94707753495160', 4, 27, 7);
insert into inventory (product_id, store_id, qty, aisle) values ('36480688376637', 5, 209, 14);
insert into inventory (product_id, store_id, qty, aisle) values ('66130477396176', 2, 132, 20);
insert into inventory (product_id, store_id, qty, aisle) values ('41887381077586', 5, 86, 6);
insert into inventory (product_id, store_id, qty, aisle) values ('35074644674641', 1, 48, 12);
insert into inventory (product_id, store_id, qty, aisle) values ('38342323525291', 1, 84, 9);
insert into inventory (product_id, store_id, qty, aisle) values ('92177932905549', 1, 129, 9);
insert into inventory (product_id, store_id, qty, aisle) values ('07176775094643', 6, 138, 15);
insert into inventory (product_id, store_id, qty, aisle) values ('42979856684763', 3, 126, 15);
insert into inventory (product_id, store_id, qty, aisle) values ('55919255533034', 5, 165, 7);
insert into inventory (product_id, store_id, qty, aisle) values ('92180117731548', 5, 29, 13);
insert into inventory (product_id, store_id, qty, aisle) values ('48180094104196', 2, 232, 18);
insert into inventory (product_id, store_id, qty, aisle) values ('43591488832893', 5, 181, 16);
insert into inventory (product_id, store_id, qty, aisle) values ('74253394338482', 4, 161, 6);
insert into inventory (product_id, store_id, qty, aisle) values ('71288706877276', 5, 122, 10);
insert into inventory (product_id, store_id, qty, aisle) values ('73406446745755', 4, 121, 15);
insert into inventory (product_id, store_id, qty, aisle) values ('28130512316621', 1, 125, 13);
insert into inventory (product_id, store_id, qty, aisle) values ('88091681461147', 2, 238, 14);
insert into inventory (product_id, store_id, qty, aisle) values ('64465385447085', 1, 155, 17);
insert into inventory (product_id, store_id, qty, aisle) values ('41342371544734', 2, 40, 2);
insert into inventory (product_id, store_id, qty, aisle) values ('22808485554253', 1, 61, 17);
insert into inventory (product_id, store_id, qty, aisle) values ('26137742166661', 2, 35, 8);
insert into inventory (product_id, store_id, qty, aisle) values ('70736897224331', 5, 195, 16);
insert into inventory (product_id, store_id, qty, aisle) values ('02629372807294', 6, 244, 2);
insert into inventory (product_id, store_id, qty, aisle) values ('37885900423264', 4, 227, 17);
insert into inventory (product_id, store_id, qty, aisle) values ('37084262312712', 3, 138, 19);
insert into inventory (product_id, store_id, qty, aisle) values ('62879052815147', 3, 176, 17);
insert into inventory (product_id, store_id, qty, aisle) values ('53935461823233', 5, 166, 6);
insert into inventory (product_id, store_id, qty, aisle) values ('42831603789972', 6, 176, 14);
insert into inventory (product_id, store_id, qty, aisle) values ('03172723751227', 5, 178, 10);
insert into inventory (product_id, store_id, qty, aisle) values ('25927245775923', 4, 154, 13);
insert into inventory (product_id, store_id, qty, aisle) values ('24122025825628', 4, 45, 16);
insert into inventory (product_id, store_id, qty, aisle) values ('40262715971420', 2, 92, 5);
insert into inventory (product_id, store_id, qty, aisle) values ('26349453995507', 6, 159, 4);
insert into inventory (product_id, store_id, qty, aisle) values ('57099872711616', 5, 204, 18);
insert into inventory (product_id, store_id, qty, aisle) values ('48420213557415', 5, 157, 5);
insert into inventory (product_id, store_id, qty, aisle) values ('66228778848077', 5, 133, 2);
insert into inventory (product_id, store_id, qty, aisle) values ('71499572314136', 6, 202, 12);
insert into inventory (product_id, store_id, qty, aisle) values ('78381493653828', 1, 235, 13);
insert into inventory (product_id, store_id, qty, aisle) values ('53889722113027', 2, 156, 20);
insert into inventory (product_id, store_id, qty, aisle) values ('67400604822574', 3, 229, 6);
insert into inventory (product_id, store_id, qty, aisle) values ('08721841069453', 4, 250, 15);
insert into inventory (product_id, store_id, qty, aisle) values ('61488703268291', 3, 176, 17);
insert into inventory (product_id, store_id, qty, aisle) values ('54635648824303', 2, 200, 10);
insert into inventory (product_id, store_id, qty, aisle) values ('40594219692550', 6, 193, 7);
insert into inventory (product_id, store_id, qty, aisle) values ('41887381077586', 5, 116, 6);
insert into inventory (product_id, store_id, qty, aisle) values ('79624998542241', 4, 33, 13);
insert into inventory (product_id, store_id, qty, aisle) values ('97148571579968', 5, 166, 18);
insert into inventory (product_id, store_id, qty, aisle) values ('73785316236613', 6, 211, 5);
insert into inventory (product_id, store_id, qty, aisle) values ('48991221315339', 3, 179, 18);
insert into inventory (product_id, store_id, qty, aisle) values ('74798914874103', 2, 180, 17);
insert into inventory (product_id, store_id, qty, aisle) values ('20099053237863', 5, 137, 11);
insert into inventory (product_id, store_id, qty, aisle) values ('89445169288317', 1, 211, 10);
insert into inventory (product_id, store_id, qty, aisle) values ('81346190708343', 5, 87, 12);
insert into inventory (product_id, store_id, qty, aisle) values ('91686508442433', 4, 200, 10);
insert into inventory (product_id, store_id, qty, aisle) values ('18378055700730', 4, 192, 5);
insert into inventory (product_id, store_id, qty, aisle) values ('69734623040375', 5, 206, 20);
insert into inventory (product_id, store_id, qty, aisle) values ('59927170281432', 2, 226, 18);
insert into inventory (product_id, store_id, qty, aisle) values ('79457697296225', 2, 181, 1);
insert into inventory (product_id, store_id, qty, aisle) values ('40594219692550', 4, 138, 8);
insert into inventory (product_id, store_id, qty, aisle) values ('34056903925903', 1, 104, 19);
insert into inventory (product_id, store_id, qty, aisle) values ('38502019790482', 3, 180, 13);
insert into inventory (product_id, store_id, qty, aisle) values ('73230723576811', 1, 250, 4);
insert into inventory (product_id, store_id, qty, aisle) values ('09498100940380', 4, 239, 1);
insert into inventory (product_id, store_id, qty, aisle) values ('49278820832771', 5, 248, 18);
insert into inventory (product_id, store_id, qty, aisle) values ('73925201341860', 4, 68, 14);
insert into inventory (product_id, store_id, qty, aisle) values ('48537178206824', 6, 236, 8);
insert into inventory (product_id, store_id, qty, aisle) values ('99256639967238', 3, 230, 8);
insert into inventory (product_id, store_id, qty, aisle) values ('37800333129706', 1, 190, 2);
insert into inventory (product_id, store_id, qty, aisle) values ('17604455820631', 1, 97, 18);
insert into inventory (product_id, store_id, qty, aisle) values ('17139815792818', 4, 68, 12);
insert into inventory (product_id, store_id, qty, aisle) values ('93411325927859', 3, 58, 3);






insert into ORDER_PRODUCT (order_id, order_time, store_id, user_id) values (1, '2016-07-02 04:44:23', 1, 7);
insert into ORDER_PRODUCT (order_id, order_time, store_id, user_id) values (2, '2016-10-03 08:22:39', 3, 7);
insert into ORDER_PRODUCT (order_id, order_time, store_id, user_id) values (3, '2017-01-18 23:54:51', 7, 7);
insert into ORDER_PRODUCT (order_id, order_time, store_id, user_id) values (4, '2016-07-19 05:55:49', 5, 7);
insert into ORDER_PRODUCT (order_id, order_time, store_id, user_id) values (5, '2016-05-15 14:54:01', 5, 1);
insert into ORDER_PRODUCT (order_id, order_time, store_id, user_id) values (6, '2017-02-10 05:56:52', 3, 4);
insert into ORDER_PRODUCT (order_id, order_time, store_id, user_id) values (7, '2016-07-23 22:54:35', 3, 1);
insert into ORDER_PRODUCT (order_id, order_time, store_id, user_id) values (8, '2016-10-06 21:08:41', 6, 4);
insert into ORDER_PRODUCT (order_id, order_time, store_id, user_id) values (9, '2017-01-27 14:05:43', 7, 1);
insert into ORDER_PRODUCT (order_id, order_time, store_id, user_id) values (10, '2016-09-10 15:29:28', 6, 2);
insert into ORDER_PRODUCT (order_id, order_time, store_id, user_id) values (11, '2016-09-26 08:26:16', 3, 4);
insert into ORDER_PRODUCT (order_id, order_time, store_id, user_id) values (12, '2017-04-18 00:27:32', 4, 7);
insert into ORDER_PRODUCT (order_id, order_time, store_id, user_id) values (13, '2016-06-20 17:41:28', 4, 1);
insert into ORDER_PRODUCT (order_id, order_time, store_id, user_id) values (14, '2016-04-27 18:38:12', 1, 4);
insert into ORDER_PRODUCT (order_id, order_time, store_id, user_id) values (15, '2017-01-23 01:29:14', 5, 4);
insert into ORDER_PRODUCT (order_id, order_time, store_id, user_id) values (16, '2016-10-06 21:43:16', 2, 2);
insert into ORDER_PRODUCT (order_id, order_time, store_id, user_id) values (17, '2017-03-31 03:53:17', 1, 7);
insert into ORDER_PRODUCT (order_id, order_time, store_id, user_id) values (18, '2016-07-04 15:04:12', 6, 7);
insert into ORDER_PRODUCT (order_id, order_time, store_id, user_id) values (19, '2017-01-10 21:40:17', 3, 7);
insert into ORDER_PRODUCT (order_id, order_time, store_id, user_id) values (20, '2016-11-03 21:09:14', 1, 2);
insert into ORDER_PRODUCT (order_id, order_time, store_id, user_id) values (21, '2016-05-13 07:54:55', 7, 4);
insert into ORDER_PRODUCT (order_id, order_time, store_id, user_id) values (22, '2016-08-12 22:50:19', 4, 2);
insert into ORDER_PRODUCT (order_id, order_time, store_id, user_id) values (23, '2017-04-03 04:30:14', 4, 7);
insert into ORDER_PRODUCT (order_id, order_time, store_id, user_id) values (24, '2016-06-08 17:01:46', 2, 1);
insert into ORDER_PRODUCT (order_id, order_time, store_id, user_id) values (25, '2017-03-05 14:49:16', 5, 1);
insert into ORDER_PRODUCT (order_id, order_time, store_id, user_id) values (26, '2017-02-12 03:54:40', 1, 1);
insert into ORDER_PRODUCT (order_id, order_time, store_id, user_id) values (27, '2017-03-20 22:11:10', 1, 2);
insert into ORDER_PRODUCT (order_id, order_time, store_id, user_id) values (28, '2016-06-15 14:19:56', 4, 4);
insert into ORDER_PRODUCT (order_id, order_time, store_id, user_id) values (29, '2016-09-26 15:41:23', 7, 1);
insert into ORDER_PRODUCT (order_id, order_time, store_id, user_id) values (30, '2016-07-06 06:03:29', 3, 1);
insert into ORDER_PRODUCT (order_id, order_time, store_id, user_id) values (31, '2017-04-17 16:56:16', 3, 1);
insert into ORDER_PRODUCT (order_id, order_time, store_id, user_id) values (32, '2016-10-20 12:10:26', 6, 2);
insert into ORDER_PRODUCT (order_id, order_time, store_id, user_id) values (33, '2016-04-24 18:00:18', 5, 2);
insert into ORDER_PRODUCT (order_id, order_time, store_id, user_id) values (34, '2016-04-20 07:40:03', 5, 7);
insert into ORDER_PRODUCT (order_id, order_time, store_id, user_id) values (35, '2016-07-02 03:55:12', 5, 7);
insert into ORDER_PRODUCT (order_id, order_time, store_id, user_id) values (36, '2017-02-10 02:19:26', 6, 2);
insert into ORDER_PRODUCT (order_id, order_time, store_id, user_id) values (37, '2016-12-24 14:11:05', 3, 7);
insert into ORDER_PRODUCT (order_id, order_time, store_id, user_id) values (38, '2017-03-08 00:00:36', 5, 2);
insert into ORDER_PRODUCT (order_id, order_time, store_id, user_id) values (39, '2016-05-30 23:02:11', 6, 7);
insert into ORDER_PRODUCT (order_id, order_time, store_id, user_id) values (40, '2016-08-24 02:12:23', 5, 4);
insert into ORDER_PRODUCT (order_id, order_time, store_id, user_id) values (41, '2017-03-27 09:23:10', 1, 4);
insert into ORDER_PRODUCT (order_id, order_time, store_id, user_id) values (42, '2016-06-04 20:16:22', 5, 1);
insert into ORDER_PRODUCT (order_id, order_time, store_id, user_id) values (43, '2016-04-07 12:23:51', 7, 7);
insert into ORDER_PRODUCT (order_id, order_time, store_id, user_id) values (44, '2016-06-13 20:33:57', 3, 7);
insert into ORDER_PRODUCT (order_id, order_time, store_id, user_id) values (45, '2016-08-11 19:58:33', 6, 7);
insert into ORDER_PRODUCT (order_id, order_time, store_id, user_id) values (46, '2016-04-13 20:34:50', 7, 1);
insert into ORDER_PRODUCT (order_id, order_time, store_id, user_id) values (47, '2016-10-19 06:08:56', 7, 7);
insert into ORDER_PRODUCT (order_id, order_time, store_id, user_id) values (48, '2016-07-30 05:40:31', 1, 2);
insert into ORDER_PRODUCT (order_id, order_time, store_id, user_id) values (49, '2017-01-18 22:58:39', 4, 7);
insert into ORDER_PRODUCT (order_id, order_time, store_id, user_id) values (50, '2016-07-30 18:56:05', 4, 2);
insert into ORDER_PRODUCT (order_id, order_time, store_id, user_id) values (51, '2016-08-08 13:40:28', 7, 1);
insert into ORDER_PRODUCT (order_id, order_time, store_id, user_id) values (52, '2016-12-16 12:58:30', 1, 2);
insert into ORDER_PRODUCT (order_id, order_time, store_id, user_id) values (53, '2016-04-11 15:14:52', 6, 4);
insert into ORDER_PRODUCT (order_id, order_time, store_id, user_id) values (54, '2017-04-06 20:57:23', 5, 1);
insert into ORDER_PRODUCT (order_id, order_time, store_id, user_id) values (55, '2016-06-11 14:19:55', 2, 4);
insert into ORDER_PRODUCT (order_id, order_time, store_id, user_id) values (56, '2016-09-26 18:37:45', 7, 4);
insert into ORDER_PRODUCT (order_id, order_time, store_id, user_id) values (57, '2016-10-13 21:05:26', 1, 1);
insert into ORDER_PRODUCT (order_id, order_time, store_id, user_id) values (58, '2017-04-18 18:18:20', 2, 4);
insert into ORDER_PRODUCT (order_id, order_time, store_id, user_id) values (59, '2017-04-17 19:43:05', 2, 1);
insert into ORDER_PRODUCT (order_id, order_time, store_id, user_id) values (60, '2017-04-06 12:52:27', 3, 1);
insert into ORDER_PRODUCT (order_id, order_time, store_id, user_id) values (61, '2016-06-23 03:24:29', 3, 2);
insert into ORDER_PRODUCT (order_id, order_time, store_id, user_id) values (62, '2017-04-14 09:38:03', 1, 7);
insert into ORDER_PRODUCT (order_id, order_time, store_id, user_id) values (63, '2016-05-28 08:47:45', 2, 1);
insert into ORDER_PRODUCT (order_id, order_time, store_id, user_id) values (64, '2017-01-16 22:12:05', 2, 2);
insert into ORDER_PRODUCT (order_id, order_time, store_id, user_id) values (65, '2016-10-13 12:20:45', 1, 2);
insert into ORDER_PRODUCT (order_id, order_time, store_id, user_id) values (66, '2016-11-20 04:14:54', 5, 2);
insert into ORDER_PRODUCT (order_id, order_time, store_id, user_id) values (67, '2016-10-22 23:58:53', 7, 1);
insert into ORDER_PRODUCT (order_id, order_time, store_id, user_id) values (68, '2016-09-13 03:03:30', 2, 2);
insert into ORDER_PRODUCT (order_id, order_time, store_id, user_id) values (69, '2016-10-26 05:42:27', 1, 1);
insert into ORDER_PRODUCT (order_id, order_time, store_id, user_id) values (70, '2016-04-08 12:59:49', 2, 1);
insert into ORDER_PRODUCT (order_id, order_time, store_id, user_id) values (71, '2016-10-14 05:58:23', 7, 1);
insert into ORDER_PRODUCT (order_id, order_time, store_id, user_id) values (72, '2016-05-05 17:16:03', 2, 7);
insert into ORDER_PRODUCT (order_id, order_time, store_id, user_id) values (73, '2017-04-30 05:35:18', 5, 2);
insert into ORDER_PRODUCT (order_id, order_time, store_id, user_id) values (74, '2017-03-13 14:17:29', 4, 2);
insert into ORDER_PRODUCT (order_id, order_time, store_id, user_id) values (75, '2016-05-17 22:53:14', 6, 2);
insert into ORDER_PRODUCT (order_id, order_time, store_id, user_id) values (76, '2016-09-09 11:00:29', 1, 1);
insert into ORDER_PRODUCT (order_id, order_time, store_id, user_id) values (77, '2016-11-05 07:44:30', 7, 7);
insert into ORDER_PRODUCT (order_id, order_time, store_id, user_id) values (78, '2016-07-20 02:31:37', 6, 1);
insert into ORDER_PRODUCT (order_id, order_time, store_id, user_id) values (79, '2016-10-06 21:18:05', 5, 4);
insert into ORDER_PRODUCT (order_id, order_time, store_id, user_id) values (80, '2016-10-15 14:30:30', 4, 2);
insert into ORDER_PRODUCT (order_id, order_time, store_id, user_id) values (81, '2016-06-27 09:15:31', 3, 4);
insert into ORDER_PRODUCT (order_id, order_time, store_id, user_id) values (82, '2016-12-09 02:47:10', 5, 1);
insert into ORDER_PRODUCT (order_id, order_time, store_id, user_id) values (83, '2016-07-09 01:45:47', 1, 2);
insert into ORDER_PRODUCT (order_id, order_time, store_id, user_id) values (84, '2016-05-22 00:41:10', 1, 1);
insert into ORDER_PRODUCT (order_id, order_time, store_id, user_id) values (85, '2017-02-20 08:19:19', 1, 2);
insert into ORDER_PRODUCT (order_id, order_time, store_id, user_id) values (86, '2017-02-06 22:27:25', 5, 1);
insert into ORDER_PRODUCT (order_id, order_time, store_id, user_id) values (87, '2016-05-31 04:30:31', 1, 1);
insert into ORDER_PRODUCT (order_id, order_time, store_id, user_id) values (88, '2017-02-05 01:35:50', 3, 2);
insert into ORDER_PRODUCT (order_id, order_time, store_id, user_id) values (89, '2016-04-09 20:45:57', 5, 2);
insert into ORDER_PRODUCT (order_id, order_time, store_id, user_id) values (90, '2016-10-11 11:07:34', 5, 7);
insert into ORDER_PRODUCT (order_id, order_time, store_id, user_id) values (91, '2016-08-25 05:52:10', 1, 7);
insert into ORDER_PRODUCT (order_id, order_time, store_id, user_id) values (92, '2016-10-28 07:17:41', 6, 4);
insert into ORDER_PRODUCT (order_id, order_time, store_id, user_id) values (93, '2017-01-08 06:02:12', 5, 1);
insert into ORDER_PRODUCT (order_id, order_time, store_id, user_id) values (94, '2016-06-14 18:48:22', 6, 1);
insert into ORDER_PRODUCT (order_id, order_time, store_id, user_id) values (95, '2016-07-02 19:37:13', 2, 2);
insert into ORDER_PRODUCT (order_id, order_time, store_id, user_id) values (96, '2016-05-22 04:21:26', 2, 7);
insert into ORDER_PRODUCT (order_id, order_time, store_id, user_id) values (97, '2016-09-21 23:39:08', 3, 2);
insert into ORDER_PRODUCT (order_id, order_time, store_id, user_id) values (98, '2016-11-05 09:04:04', 4, 4);
insert into ORDER_PRODUCT (order_id, order_time, store_id, user_id) values (99, '2016-07-06 01:29:45', 3, 1);
insert into ORDER_PRODUCT (order_id, order_time, store_id, user_id) values (100, '2016-05-31 14:49:32', 3, 1);
insert into ORDER_PRODUCT (order_id, order_time, store_id, user_id) values (101, '2016-12-15 21:56:10', 4, 7);
insert into ORDER_PRODUCT (order_id, order_time, store_id, user_id) values (102, '2016-04-08 23:16:06', 4, 2);
insert into ORDER_PRODUCT (order_id, order_time, store_id, user_id) values (103, '2016-05-27 16:25:32', 1, 4);
insert into ORDER_PRODUCT (order_id, order_time, store_id, user_id) values (104, '2017-03-31 02:25:56', 1, 1);
insert into ORDER_PRODUCT (order_id, order_time, store_id, user_id) values (105, '2017-04-30 16:44:41', 6, 1);
insert into ORDER_PRODUCT (order_id, order_time, store_id, user_id) values (106, '2016-11-09 23:20:02', 3, 1);
insert into ORDER_PRODUCT (order_id, order_time, store_id, user_id) values (107, '2016-08-08 12:20:40', 5, 2);
insert into ORDER_PRODUCT (order_id, order_time, store_id, user_id) values (108, '2016-07-01 22:20:10', 5, 2);
insert into ORDER_PRODUCT (order_id, order_time, store_id, user_id) values (109, '2016-06-28 15:39:20', 5, 1);
insert into ORDER_PRODUCT (order_id, order_time, store_id, user_id) values (110, '2016-04-18 19:33:57', 1, 2);
insert into ORDER_PRODUCT (order_id, order_time, store_id, user_id) values (111, '2016-11-29 09:35:54', 3, 1);
insert into ORDER_PRODUCT (order_id, order_time, store_id, user_id) values (112, '2017-03-14 12:19:34', 1, 2);
insert into ORDER_PRODUCT (order_id, order_time, store_id, user_id) values (113, '2016-09-28 19:52:06', 2, 1);
insert into ORDER_PRODUCT (order_id, order_time, store_id, user_id) values (114, '2017-02-23 12:33:18', 7, 4);
insert into ORDER_PRODUCT (order_id, order_time, store_id, user_id) values (115, '2016-04-30 07:52:27', 1, 7);
insert into ORDER_PRODUCT (order_id, order_time, store_id, user_id) values (116, '2017-02-20 09:27:13', 7, 1);
insert into ORDER_PRODUCT (order_id, order_time, store_id, user_id) values (117, '2016-07-11 22:51:37', 2, 1);
insert into ORDER_PRODUCT (order_id, order_time, store_id, user_id) values (118, '2016-12-14 19:07:03', 6, 1);
insert into ORDER_PRODUCT (order_id, order_time, store_id, user_id) values (119, '2016-11-23 06:43:59', 2, 2);
insert into ORDER_PRODUCT (order_id, order_time, store_id, user_id) values (120, '2017-02-05 22:20:11', 5, 4);
insert into ORDER_PRODUCT (order_id, order_time, store_id, user_id) values (121, '2016-05-22 19:16:26', 4, 2);
insert into ORDER_PRODUCT (order_id, order_time, store_id, user_id) values (122, '2016-07-04 12:05:11', 3, 2);
insert into ORDER_PRODUCT (order_id, order_time, store_id, user_id) values (123, '2016-09-22 16:55:37', 1, 7);
insert into ORDER_PRODUCT (order_id, order_time, store_id, user_id) values (124, '2017-04-29 15:49:07', 5, 4);
insert into ORDER_PRODUCT (order_id, order_time, store_id, user_id) values (125, '2016-10-23 16:49:00', 4, 7);
insert into ORDER_PRODUCT (order_id, order_time, store_id, user_id) values (126, '2016-09-01 15:19:22', 6, 4);
insert into ORDER_PRODUCT (order_id, order_time, store_id, user_id) values (127, '2017-03-08 21:01:03', 1, 7);
insert into ORDER_PRODUCT (order_id, order_time, store_id, user_id) values (128, '2016-12-08 05:47:51', 7, 2);
insert into ORDER_PRODUCT (order_id, order_time, store_id, user_id) values (129, '2016-10-11 18:24:23', 5, 4);
insert into ORDER_PRODUCT (order_id, order_time, store_id, user_id) values (130, '2016-11-08 12:33:18', 2, 2);
insert into ORDER_PRODUCT (order_id, order_time, store_id, user_id) values (131, '2016-05-30 10:59:56', 6, 4);
insert into ORDER_PRODUCT (order_id, order_time, store_id, user_id) values (132, '2017-04-21 13:38:53', 7, 2);
insert into ORDER_PRODUCT (order_id, order_time, store_id, user_id) values (133, '2016-10-23 16:24:43', 1, 4);
insert into ORDER_PRODUCT (order_id, order_time, store_id, user_id) values (134, '2017-02-09 00:09:38', 2, 1);
insert into ORDER_PRODUCT (order_id, order_time, store_id, user_id) values (135, '2016-05-15 03:54:08', 5, 2);
insert into ORDER_PRODUCT (order_id, order_time, store_id, user_id) values (136, '2016-05-14 02:20:47', 6, 7);
insert into ORDER_PRODUCT (order_id, order_time, store_id, user_id) values (137, '2016-12-27 15:13:18', 7, 7);
insert into ORDER_PRODUCT (order_id, order_time, store_id, user_id) values (138, '2016-05-26 09:22:42', 5, 2);
insert into ORDER_PRODUCT (order_id, order_time, store_id, user_id) values (139, '2017-03-26 22:36:51', 5, 1);
insert into ORDER_PRODUCT (order_id, order_time, store_id, user_id) values (140, '2016-06-06 03:24:59', 6, 1);
insert into ORDER_PRODUCT (order_id, order_time, store_id, user_id) values (141, '2016-05-10 21:33:27', 3, 4);
insert into ORDER_PRODUCT (order_id, order_time, store_id, user_id) values (142, '2016-09-25 04:23:55', 4, 7);
insert into ORDER_PRODUCT (order_id, order_time, store_id, user_id) values (143, '2017-04-09 00:17:20', 4, 4);
insert into ORDER_PRODUCT (order_id, order_time, store_id, user_id) values (144, '2016-07-20 03:51:27', 7, 7);
insert into ORDER_PRODUCT (order_id, order_time, store_id, user_id) values (145, '2017-02-26 00:27:05', 7, 1);
insert into ORDER_PRODUCT (order_id, order_time, store_id, user_id) values (146, '2016-09-23 19:46:17', 2, 7);
insert into ORDER_PRODUCT (order_id, order_time, store_id, user_id) values (147, '2016-10-11 00:52:58', 3, 2);
insert into ORDER_PRODUCT (order_id, order_time, store_id, user_id) values (148, '2017-04-10 01:41:44', 4, 2);
insert into ORDER_PRODUCT (order_id, order_time, store_id, user_id) values (149, '2016-04-16 13:46:04', 1, 1);
insert into ORDER_PRODUCT (order_id, order_time, store_id, user_id) values (150, '2016-11-12 21:47:49', 7, 2);
insert into ORDER_PRODUCT (order_id, order_time, store_id, user_id) values (151, '2016-09-17 03:30:59', 1, 2);
insert into ORDER_PRODUCT (order_id, order_time, store_id, user_id) values (152, '2016-07-18 13:52:47', 7, 2);
insert into ORDER_PRODUCT (order_id, order_time, store_id, user_id) values (153, '2016-10-26 03:15:49', 1, 7);
insert into ORDER_PRODUCT (order_id, order_time, store_id, user_id) values (154, '2016-06-19 14:59:51', 7, 1);
insert into ORDER_PRODUCT (order_id, order_time, store_id, user_id) values (155, '2017-03-23 00:36:14', 1, 4);
insert into ORDER_PRODUCT (order_id, order_time, store_id, user_id) values (156, '2017-01-25 06:04:44', 6, 4);
insert into ORDER_PRODUCT (order_id, order_time, store_id, user_id) values (157, '2016-10-20 20:39:18', 1, 4);
insert into ORDER_PRODUCT (order_id, order_time, store_id, user_id) values (158, '2017-03-01 14:03:14', 1, 2);
insert into ORDER_PRODUCT (order_id, order_time, store_id, user_id) values (159, '2016-06-04 03:03:47', 1, 2);
insert into ORDER_PRODUCT (order_id, order_time, store_id, user_id) values (160, '2017-04-13 04:55:36', 2, 1);
insert into ORDER_PRODUCT (order_id, order_time, store_id, user_id) values (161, '2016-07-31 16:11:30', 2, 7);
insert into ORDER_PRODUCT (order_id, order_time, store_id, user_id) values (162, '2016-11-16 21:05:44', 5, 7);
insert into ORDER_PRODUCT (order_id, order_time, store_id, user_id) values (163, '2016-05-07 05:54:05', 7, 1);
insert into ORDER_PRODUCT (order_id, order_time, store_id, user_id) values (164, '2016-06-22 11:45:27', 1, 4);
insert into ORDER_PRODUCT (order_id, order_time, store_id, user_id) values (165, '2017-04-15 13:34:04', 7, 4);
insert into ORDER_PRODUCT (order_id, order_time, store_id, user_id) values (166, '2016-04-27 03:23:30', 5, 7);
insert into ORDER_PRODUCT (order_id, order_time, store_id, user_id) values (167, '2016-04-11 00:46:18', 7, 1);
insert into ORDER_PRODUCT (order_id, order_time, store_id, user_id) values (168, '2016-12-02 22:47:28', 3, 1);
insert into ORDER_PRODUCT (order_id, order_time, store_id, user_id) values (169, '2017-03-07 00:42:23', 6, 2);
insert into ORDER_PRODUCT (order_id, order_time, store_id, user_id) values (170, '2016-10-06 19:45:41', 1, 2);
insert into ORDER_PRODUCT (order_id, order_time, store_id, user_id) values (171, '2016-12-11 02:44:14', 4, 7);
insert into ORDER_PRODUCT (order_id, order_time, store_id, user_id) values (172, '2016-11-13 20:43:08', 3, 4);
insert into ORDER_PRODUCT (order_id, order_time, store_id, user_id) values (173, '2016-11-06 10:17:26', 1, 7);
insert into ORDER_PRODUCT (order_id, order_time, store_id, user_id) values (174, '2017-03-21 00:19:31', 1, 7);
insert into ORDER_PRODUCT (order_id, order_time, store_id, user_id) values (175, '2017-05-01 08:17:39', 7, 4);
insert into ORDER_PRODUCT (order_id, order_time, store_id, user_id) values (176, '2016-04-28 14:46:53', 3, 2);
insert into ORDER_PRODUCT (order_id, order_time, store_id, user_id) values (177, '2017-03-22 09:45:09', 7, 2);
insert into ORDER_PRODUCT (order_id, order_time, store_id, user_id) values (178, '2017-03-31 03:47:32', 2, 2);
insert into ORDER_PRODUCT (order_id, order_time, store_id, user_id) values (179, '2016-05-16 00:58:18', 5, 2);
insert into ORDER_PRODUCT (order_id, order_time, store_id, user_id) values (180, '2016-06-08 20:46:34', 6, 4);
insert into ORDER_PRODUCT (order_id, order_time, store_id, user_id) values (181, '2016-12-06 14:55:12', 4, 1);
insert into ORDER_PRODUCT (order_id, order_time, store_id, user_id) values (182, '2017-03-08 23:17:56', 5, 2);
insert into ORDER_PRODUCT (order_id, order_time, store_id, user_id) values (183, '2016-06-30 11:31:48', 3, 1);
insert into ORDER_PRODUCT (order_id, order_time, store_id, user_id) values (184, '2016-09-14 15:04:22', 4, 4);
insert into ORDER_PRODUCT (order_id, order_time, store_id, user_id) values (185, '2016-12-13 11:29:59', 1, 1);
insert into ORDER_PRODUCT (order_id, order_time, store_id, user_id) values (186, '2016-07-21 04:49:30', 5, 1);
insert into ORDER_PRODUCT (order_id, order_time, store_id, user_id) values (187, '2016-05-15 05:41:44', 2, 4);
insert into ORDER_PRODUCT (order_id, order_time, store_id, user_id) values (188, '2017-01-27 23:29:11', 1, 4);
insert into ORDER_PRODUCT (order_id, order_time, store_id, user_id) values (189, '2017-01-06 03:09:01', 5, 4);
insert into ORDER_PRODUCT (order_id, order_time, store_id, user_id) values (190, '2016-12-08 10:08:37', 3, 2);
insert into ORDER_PRODUCT (order_id, order_time, store_id, user_id) values (191, '2016-12-05 18:46:22', 2, 2);
insert into ORDER_PRODUCT (order_id, order_time, store_id, user_id) values (192, '2017-04-12 03:51:05', 6, 1);
insert into ORDER_PRODUCT (order_id, order_time, store_id, user_id) values (193, '2016-04-05 21:07:26', 6, 1);
insert into ORDER_PRODUCT (order_id, order_time, store_id, user_id) values (194, '2016-08-03 17:45:22', 4, 2);
insert into ORDER_PRODUCT (order_id, order_time, store_id, user_id) values (195, '2016-10-23 15:01:10', 6, 1);
insert into ORDER_PRODUCT (order_id, order_time, store_id, user_id) values (196, '2016-11-08 09:13:00', 7, 4);
insert into ORDER_PRODUCT (order_id, order_time, store_id, user_id) values (197, '2016-09-24 17:50:18', 5, 2);
insert into ORDER_PRODUCT (order_id, order_time, store_id, user_id) values (198, '2017-01-19 04:56:41', 1, 7);
insert into ORDER_PRODUCT (order_id, order_time, store_id, user_id) values (199, '2017-01-17 16:56:52', 3, 7);
insert into ORDER_PRODUCT (order_id, order_time, store_id, user_id) values (200, '2016-09-02 08:45:17', 2, 7);







insert into ORDER_PRODUCT (order_id, product_id, qty) values (97, '38377959064238', 61);
insert into ORDER_PRODUCT (order_id, product_id, qty) values (83, '25909171469222', 34);
insert into ORDER_PRODUCT (order_id, product_id, qty) values (97, '28763468757361', 49);
insert into ORDER_PRODUCT (order_id, product_id, qty) values (159, '18594004007248', 86);
insert into ORDER_PRODUCT (order_id, product_id, qty) values (179, '70396937274087', 94);
insert into ORDER_PRODUCT (order_id, product_id, qty) values (96, '03912089798563', 26);
insert into ORDER_PRODUCT (order_id, product_id, qty) values (4, '11634605630609', 50);
insert into ORDER_PRODUCT (order_id, product_id, qty) values (126, '00072945601338', 56);
insert into ORDER_PRODUCT (order_id, product_id, qty) values (40, '21955861675171', 23);
insert into ORDER_PRODUCT (order_id, product_id, qty) values (82, '53983713924125', 16);
insert into ORDER_PRODUCT (order_id, product_id, qty) values (101, '65683420691040', 77);
insert into ORDER_PRODUCT (order_id, product_id, qty) values (116, '78703264742592', 20);
insert into ORDER_PRODUCT (order_id, product_id, qty) values (146, '04657337009608', 82);
insert into ORDER_PRODUCT (order_id, product_id, qty) values (4, '62936994594160', 41);
insert into ORDER_PRODUCT (order_id, product_id, qty) values (188, '74596792551937', 5);
insert into ORDER_PRODUCT (order_id, product_id, qty) values (137, '80201632785759', 25);
insert into ORDER_PRODUCT (order_id, product_id, qty) values (62, '99317905576924', 2);
insert into ORDER_PRODUCT (order_id, product_id, qty) values (132, '66228778848077', 42);
insert into ORDER_PRODUCT (order_id, product_id, qty) values (136, '26150713223031', 36);
insert into ORDER_PRODUCT (order_id, product_id, qty) values (49, '05723926751662', 76);
insert into ORDER_PRODUCT (order_id, product_id, qty) values (34, '16925990499358', 19);
insert into ORDER_PRODUCT (order_id, product_id, qty) values (125, '57615516877997', 49);
insert into ORDER_PRODUCT (order_id, product_id, qty) values (104, '99250009348205', 80);
insert into ORDER_PRODUCT (order_id, product_id, qty) values (102, '17070315141711', 42);
insert into ORDER_PRODUCT (order_id, product_id, qty) values (5, '14621527057399', 74);
insert into ORDER_PRODUCT (order_id, product_id, qty) values (28, '37262611906790', 54);
insert into ORDER_PRODUCT (order_id, product_id, qty) values (200, '43987919894307', 38);
insert into ORDER_PRODUCT (order_id, product_id, qty) values (37, '17364655578463', 44);
insert into ORDER_PRODUCT (order_id, product_id, qty) values (137, '87110551919359', 53);
insert into ORDER_PRODUCT (order_id, product_id, qty) values (141, '30762713480711', 35);
insert into ORDER_PRODUCT (order_id, product_id, qty) values (20, '23050422848700', 45);
insert into ORDER_PRODUCT (order_id, product_id, qty) values (95, '64276364377187', 42);
insert into ORDER_PRODUCT (order_id, product_id, qty) values (156, '38435635910397', 58);
insert into ORDER_PRODUCT (order_id, product_id, qty) values (39, '20069124076652', 41);
insert into ORDER_PRODUCT (order_id, product_id, qty) values (8, '06457712399206', 91);
insert into ORDER_PRODUCT (order_id, product_id, qty) values (94, '76619163031750', 70);
insert into ORDER_PRODUCT (order_id, product_id, qty) values (2, '34031213168526', 84);
insert into ORDER_PRODUCT (order_id, product_id, qty) values (159, '17070315141711', 76);
insert into ORDER_PRODUCT (order_id, product_id, qty) values (50, '30702661172467', 20);
insert into ORDER_PRODUCT (order_id, product_id, qty) values (22, '78703264742592', 25);
insert into ORDER_PRODUCT (order_id, product_id, qty) values (33, '91024358065579', 100);
insert into ORDER_PRODUCT (order_id, product_id, qty) values (127, '37800333129706', 57);
insert into ORDER_PRODUCT (order_id, product_id, qty) values (88, '09891879150334', 35);
insert into ORDER_PRODUCT (order_id, product_id, qty) values (197, '43017305243021', 40);
insert into ORDER_PRODUCT (order_id, product_id, qty) values (141, '00077782008135', 33);
insert into ORDER_PRODUCT (order_id, product_id, qty) values (13, '36520579246934', 67);
insert into ORDER_PRODUCT (order_id, product_id, qty) values (166, '12060672048012', 69);
insert into ORDER_PRODUCT (order_id, product_id, qty) values (184, '92240903648813', 31);
insert into ORDER_PRODUCT (order_id, product_id, qty) values (181, '99199012223838', 40);
insert into ORDER_PRODUCT (order_id, product_id, qty) values (149, '17070315141711', 97);
insert into ORDER_PRODUCT (order_id, product_id, qty) values (186, '44458957267744', 7);
insert into ORDER_PRODUCT (order_id, product_id, qty) values (36, '30520748343620', 98);
insert into ORDER_PRODUCT (order_id, product_id, qty) values (86, '20520711870829', 47);
insert into ORDER_PRODUCT (order_id, product_id, qty) values (36, '27981733431023', 31);
insert into ORDER_PRODUCT (order_id, product_id, qty) values (129, '60630741193911', 50);
insert into ORDER_PRODUCT (order_id, product_id, qty) values (75, '12409744469070', 97);
insert into ORDER_PRODUCT (order_id, product_id, qty) values (138, '93951774622199', 95);
insert into ORDER_PRODUCT (order_id, product_id, qty) values (25, '67109321853974', 71);
insert into ORDER_PRODUCT (order_id, product_id, qty) values (107, '37262611906790', 1);
insert into ORDER_PRODUCT (order_id, product_id, qty) values (168, '75254721262974', 22);
insert into ORDER_PRODUCT (order_id, product_id, qty) values (158, '29077340971333', 60);
insert into ORDER_PRODUCT (order_id, product_id, qty) values (98, '11224074147582', 23);
insert into ORDER_PRODUCT (order_id, product_id, qty) values (23, '20506784808340', 85);
insert into ORDER_PRODUCT (order_id, product_id, qty) values (193, '07467676409170', 59);
insert into ORDER_PRODUCT (order_id, product_id, qty) values (11, '20397556332701', 6);
insert into ORDER_PRODUCT (order_id, product_id, qty) values (145, '05231240267714', 38);
insert into ORDER_PRODUCT (order_id, product_id, qty) values (46, '54245255745758', 33);
insert into ORDER_PRODUCT (order_id, product_id, qty) values (32, '93215669672857', 46);
insert into ORDER_PRODUCT (order_id, product_id, qty) values (85, '01300476412751', 88);
insert into ORDER_PRODUCT (order_id, product_id, qty) values (164, '51402198094217', 90);
insert into ORDER_PRODUCT (order_id, product_id, qty) values (82, '98557002641289', 7);
insert into ORDER_PRODUCT (order_id, product_id, qty) values (84, '92240903648813', 28);
insert into ORDER_PRODUCT (order_id, product_id, qty) values (138, '69515257666359', 13);
insert into ORDER_PRODUCT (order_id, product_id, qty) values (155, '11277871596640', 78);
insert into ORDER_PRODUCT (order_id, product_id, qty) values (75, '78062051676055', 61);
insert into ORDER_PRODUCT (order_id, product_id, qty) values (122, '95283623375319', 95);
insert into ORDER_PRODUCT (order_id, product_id, qty) values (191, '11634605630609', 89);
insert into ORDER_PRODUCT (order_id, product_id, qty) values (175, '91918328448615', 98);
insert into ORDER_PRODUCT (order_id, product_id, qty) values (143, '31867910734872', 7);
insert into ORDER_PRODUCT (order_id, product_id, qty) values (44, '17330222646347', 77);
insert into ORDER_PRODUCT (order_id, product_id, qty) values (103, '77145590367796', 33);
insert into ORDER_PRODUCT (order_id, product_id, qty) values (17, '09409376428548', 75);
insert into ORDER_PRODUCT (order_id, product_id, qty) values (163, '80158564820227', 40);
insert into ORDER_PRODUCT (order_id, product_id, qty) values (41, '53623954706035', 7);
insert into ORDER_PRODUCT (order_id, product_id, qty) values (148, '16974390603540', 64);
insert into ORDER_PRODUCT (order_id, product_id, qty) values (77, '61733551416815', 37);
insert into ORDER_PRODUCT (order_id, product_id, qty) values (106, '38042956439130', 2);
insert into ORDER_PRODUCT (order_id, product_id, qty) values (5, '07176775094643', 55);
insert into ORDER_PRODUCT (order_id, product_id, qty) values (153, '99199012223838', 99);
insert into ORDER_PRODUCT (order_id, product_id, qty) values (174, '33335713604857', 26);
insert into ORDER_PRODUCT (order_id, product_id, qty) values (3, '34056903925903', 93);
insert into ORDER_PRODUCT (order_id, product_id, qty) values (61, '79038709365519', 47);
insert into ORDER_PRODUCT (order_id, product_id, qty) values (70, '90770798857858', 30);
insert into ORDER_PRODUCT (order_id, product_id, qty) values (90, '78381493653828', 89);
insert into ORDER_PRODUCT (order_id, product_id, qty) values (62, '75732835770022', 19);
insert into ORDER_PRODUCT (order_id, product_id, qty) values (81, '44971820285096', 78);
insert into ORDER_PRODUCT (order_id, product_id, qty) values (90, '53623954706035', 59);
insert into ORDER_PRODUCT (order_id, product_id, qty) values (73, '41349553787186', 17);
insert into ORDER_PRODUCT (order_id, product_id, qty) values (197, '25904042220393', 62);
insert into ORDER_PRODUCT (order_id, product_id, qty) values (191, '05513860398914', 15);
insert into ORDER_PRODUCT (order_id, product_id, qty) values (158, '61730445970289', 6);
insert into ORDER_PRODUCT (order_id, product_id, qty) values (146, '49278820832771', 61);
insert into ORDER_PRODUCT (order_id, product_id, qty) values (48, '89537820670635', 5);
insert into ORDER_PRODUCT (order_id, product_id, qty) values (56, '25672868557189', 59);
insert into ORDER_PRODUCT (order_id, product_id, qty) values (68, '49987505408192', 13);
insert into ORDER_PRODUCT (order_id, product_id, qty) values (64, '40262715971420', 47);
insert into ORDER_PRODUCT (order_id, product_id, qty) values (82, '72887000452502', 89);
insert into ORDER_PRODUCT (order_id, product_id, qty) values (102, '08930936732188', 59);
insert into ORDER_PRODUCT (order_id, product_id, qty) values (106, '63621924877960', 43);
insert into ORDER_PRODUCT (order_id, product_id, qty) values (70, '40781732550483', 7);
insert into ORDER_PRODUCT (order_id, product_id, qty) values (145, '60514839737384', 34);
insert into ORDER_PRODUCT (order_id, product_id, qty) values (53, '18211361590049', 80);
insert into ORDER_PRODUCT (order_id, product_id, qty) values (72, '13449829195773', 39);
insert into ORDER_PRODUCT (order_id, product_id, qty) values (95, '73925201341860', 92);
insert into ORDER_PRODUCT (order_id, product_id, qty) values (23, '59921161874981', 47);
insert into ORDER_PRODUCT (order_id, product_id, qty) values (26, '71527564213738', 26);
insert into ORDER_PRODUCT (order_id, product_id, qty) values (96, '12410094737555', 64);
insert into ORDER_PRODUCT (order_id, product_id, qty) values (30, '52975704728303', 34);
insert into ORDER_PRODUCT (order_id, product_id, qty) values (174, '90862583333705', 71);
insert into ORDER_PRODUCT (order_id, product_id, qty) values (193, '40781732550483', 92);
insert into ORDER_PRODUCT (order_id, product_id, qty) values (98, '62936994594160', 19);
insert into ORDER_PRODUCT (order_id, product_id, qty) values (112, '78516680495666', 19);
insert into ORDER_PRODUCT (order_id, product_id, qty) values (65, '63916368942849', 36);
insert into ORDER_PRODUCT (order_id, product_id, qty) values (66, '06943548640583', 100);
insert into ORDER_PRODUCT (order_id, product_id, qty) values (160, '95086242263843', 43);
insert into ORDER_PRODUCT (order_id, product_id, qty) values (87, '49987505408192', 68);
insert into ORDER_PRODUCT (order_id, product_id, qty) values (15, '87624569080306', 77);
insert into ORDER_PRODUCT (order_id, product_id, qty) values (77, '60288057930908', 4);
insert into ORDER_PRODUCT (order_id, product_id, qty) values (53, '16646613282189', 28);
insert into ORDER_PRODUCT (order_id, product_id, qty) values (101, '04771251257201', 39);
insert into ORDER_PRODUCT (order_id, product_id, qty) values (36, '68022790805414', 92);
insert into ORDER_PRODUCT (order_id, product_id, qty) values (14, '91686508442433', 48);
insert into ORDER_PRODUCT (order_id, product_id, qty) values (64, '93122824156996', 88);
insert into ORDER_PRODUCT (order_id, product_id, qty) values (22, '71474868511354', 82);
insert into ORDER_PRODUCT (order_id, product_id, qty) values (12, '60630741193911', 40);
insert into ORDER_PRODUCT (order_id, product_id, qty) values (106, '74622139005232', 56);
insert into ORDER_PRODUCT (order_id, product_id, qty) values (83, '74596792551937', 90);
insert into ORDER_PRODUCT (order_id, product_id, qty) values (40, '88635750737385', 50);
insert into ORDER_PRODUCT (order_id, product_id, qty) values (163, '18725498573431', 34);
insert into ORDER_PRODUCT (order_id, product_id, qty) values (86, '61730445970289', 91);
insert into ORDER_PRODUCT (order_id, product_id, qty) values (113, '14621527057399', 56);
insert into ORDER_PRODUCT (order_id, product_id, qty) values (170, '63311969682589', 26);
insert into ORDER_PRODUCT (order_id, product_id, qty) values (156, '44458957267744', 81);
insert into ORDER_PRODUCT (order_id, product_id, qty) values (93, '30511247908805', 59);
insert into ORDER_PRODUCT (order_id, product_id, qty) values (142, '28530865139579', 67);
insert into ORDER_PRODUCT (order_id, product_id, qty) values (25, '12458763496690', 35);
insert into ORDER_PRODUCT (order_id, product_id, qty) values (4, '83659420760481', 24);
insert into ORDER_PRODUCT (order_id, product_id, qty) values (46, '88091681461147', 9);
insert into ORDER_PRODUCT (order_id, product_id, qty) values (33, '48709747931749', 96);
insert into ORDER_PRODUCT (order_id, product_id, qty) values (120, '43015609440914', 84);
insert into ORDER_PRODUCT (order_id, product_id, qty) values (92, '09298412436041', 71);
insert into ORDER_PRODUCT (order_id, product_id, qty) values (128, '78703264742592', 99);
insert into ORDER_PRODUCT (order_id, product_id, qty) values (68, '58597990701606', 53);
insert into ORDER_PRODUCT (order_id, product_id, qty) values (74, '49737778737509', 52);
insert into ORDER_PRODUCT (order_id, product_id, qty) values (87, '04476728226518', 77);
insert into ORDER_PRODUCT (order_id, product_id, qty) values (48, '32050864564073', 91);
insert into ORDER_PRODUCT (order_id, product_id, qty) values (93, '44569837067395', 2);
insert into ORDER_PRODUCT (order_id, product_id, qty) values (68, '21955861675171', 38);
insert into ORDER_PRODUCT (order_id, product_id, qty) values (164, '09175686989853', 18);
insert into ORDER_PRODUCT (order_id, product_id, qty) values (185, '41087719915160', 72);
insert into ORDER_PRODUCT (order_id, product_id, qty) values (20, '09891879150334', 3);
insert into ORDER_PRODUCT (order_id, product_id, qty) values (77, '13999078380477', 80);
insert into ORDER_PRODUCT (order_id, product_id, qty) values (184, '91882351934942', 57);
insert into ORDER_PRODUCT (order_id, product_id, qty) values (191, '54422830423854', 16);
insert into ORDER_PRODUCT (order_id, product_id, qty) values (126, '80790721950663', 90);
insert into ORDER_PRODUCT (order_id, product_id, qty) values (131, '01003152813147', 24);
insert into ORDER_PRODUCT (order_id, product_id, qty) values (191, '67583162979570', 48);
insert into ORDER_PRODUCT (order_id, product_id, qty) values (118, '54662060053815', 13);
insert into ORDER_PRODUCT (order_id, product_id, qty) values (132, '99242101316084', 33);
insert into ORDER_PRODUCT (order_id, product_id, qty) values (70, '56607959798022', 60);
insert into ORDER_PRODUCT (order_id, product_id, qty) values (141, '20187339514367', 60);
insert into ORDER_PRODUCT (order_id, product_id, qty) values (26, '70315286620558', 66);
insert into ORDER_PRODUCT (order_id, product_id, qty) values (4, '86430935739404', 14);
insert into ORDER_PRODUCT (order_id, product_id, qty) values (140, '91024358065579', 84);
insert into ORDER_PRODUCT (order_id, product_id, qty) values (107, '44772672496471', 70);
insert into ORDER_PRODUCT (order_id, product_id, qty) values (118, '93175555464936', 42);
insert into ORDER_PRODUCT (order_id, product_id, qty) values (146, '57432862603688', 61);
insert into ORDER_PRODUCT (order_id, product_id, qty) values (91, '75732835770022', 82);
insert into ORDER_PRODUCT (order_id, product_id, qty) values (173, '17837262188238', 57);
insert into ORDER_PRODUCT (order_id, product_id, qty) values (33, '13223399672688', 94);
insert into ORDER_PRODUCT (order_id, product_id, qty) values (193, '59927170281432', 21);
insert into ORDER_PRODUCT (order_id, product_id, qty) values (1, '40106639169438', 30);
insert into ORDER_PRODUCT (order_id, product_id, qty) values (175, '91683681208539', 64);
insert into ORDER_PRODUCT (order_id, product_id, qty) values (184, '35074644674641', 95);
insert into ORDER_PRODUCT (order_id, product_id, qty) values (41, '55064342603049', 82);
insert into ORDER_PRODUCT (order_id, product_id, qty) values (143, '95766920325353', 71);
insert into ORDER_PRODUCT (order_id, product_id, qty) values (105, '76087344822870', 3);
insert into ORDER_PRODUCT (order_id, product_id, qty) values (94, '16309976002069', 95);
insert into ORDER_PRODUCT (order_id, product_id, qty) values (1, '64877860587084', 76);
insert into ORDER_PRODUCT (order_id, product_id, qty) values (70, '60607907307183', 34);
insert into ORDER_PRODUCT (order_id, product_id, qty) values (188, '38335564896607', 49);
insert into ORDER_PRODUCT (order_id, product_id, qty) values (142, '32781544497613', 23);
insert into ORDER_PRODUCT (order_id, product_id, qty) values (77, '12456386199224', 46);
insert into ORDER_PRODUCT (order_id, product_id, qty) values (11, '57467860252541', 62);
insert into ORDER_PRODUCT (order_id, product_id, qty) values (9, '00343620859459', 11);
insert into ORDER_PRODUCT (order_id, product_id, qty) values (120, '00334444675864', 19);
insert into ORDER_PRODUCT (order_id, product_id, qty) values (107, '58903851996659', 13);
insert into ORDER_PRODUCT (order_id, product_id, qty) values (185, '51183244334974', 51);
insert into ORDER_PRODUCT (order_id, product_id, qty) values (10, '83457363981478', 2);
insert into ORDER_PRODUCT (order_id, product_id, qty) values (91, '43345963947101', 28);
insert into ORDER_PRODUCT (order_id, product_id, qty) values (159, '32633170434355', 4);
insert into ORDER_PRODUCT (order_id, product_id, qty) values (141, '53935461823233', 27);
insert into ORDER_PRODUCT (order_id, product_id, qty) values (163, '02962953799998', 74);
insert into ORDER_PRODUCT (order_id, product_id, qty) values (69, '19299666869111', 40);
insert into ORDER_PRODUCT (order_id, product_id, qty) values (188, '34720658179569', 30);
insert into ORDER_PRODUCT (order_id, product_id, qty) values (67, '84525582172608', 69);
insert into ORDER_PRODUCT (order_id, product_id, qty) values (126, '07467676409170', 80);
insert into ORDER_PRODUCT (order_id, product_id, qty) values (157, '90071537924700', 74);
insert into ORDER_PRODUCT (order_id, product_id, qty) values (90, '94069879670008', 99);
insert into ORDER_PRODUCT (order_id, product_id, qty) values (61, '49169633974735', 84);
insert into ORDER_PRODUCT (order_id, product_id, qty) values (76, '87989990209873', 81);
insert into ORDER_PRODUCT (order_id, product_id, qty) values (10, '33859487599537', 67);
insert into ORDER_PRODUCT (order_id, product_id, qty) values (80, '53935461823233', 56);
insert into ORDER_PRODUCT (order_id, product_id, qty) values (101, '', 57);
insert into ORDER_PRODUCT (order_id, product_id, qty) values (200, '79488035461644', 63);
insert into ORDER_PRODUCT (order_id, product_id, qty) values (61, '98955355563905', 77);
insert into ORDER_PRODUCT (order_id, product_id, qty) values (110, '16309976002069', 73);
insert into ORDER_PRODUCT (order_id, product_id, qty) values (20, '36247759149928', 6);
insert into ORDER_PRODUCT (order_id, product_id, qty) values (27, '01469722328771', 98);
insert into ORDER_PRODUCT (order_id, product_id, qty) values (28, '88596339547653', 85);
insert into ORDER_PRODUCT (order_id, product_id, qty) values (173, '63257497029589', 58);
insert into ORDER_PRODUCT (order_id, product_id, qty) values (65, '02077945435357', 89);
insert into ORDER_PRODUCT (order_id, product_id, qty) values (121, '34720658179569', 47);
insert into ORDER_PRODUCT (order_id, product_id, qty) values (181, '91686508442433', 95);
insert into ORDER_PRODUCT (order_id, product_id, qty) values (5, '87160036643665', 48);
insert into ORDER_PRODUCT (order_id, product_id, qty) values (175, '31867910734872', 41);
insert into ORDER_PRODUCT (order_id, product_id, qty) values (35, '48709747931749', 22);
insert into ORDER_PRODUCT (order_id, product_id, qty) values (15, '45361382682424', 16);
insert into ORDER_PRODUCT (order_id, product_id, qty) values (128, '23620603303302', 80);
insert into ORDER_PRODUCT (order_id, product_id, qty) values (88, '08332125556698', 61);
insert into ORDER_PRODUCT (order_id, product_id, qty) values (138, '22354877096961', 51);
insert into ORDER_PRODUCT (order_id, product_id, qty) values (171, '38551315536906', 33);
insert into ORDER_PRODUCT (order_id, product_id, qty) values (196, '19754673110981', 49);
insert into ORDER_PRODUCT (order_id, product_id, qty) values (78, '35597982630343', 41);
insert into ORDER_PRODUCT (order_id, product_id, qty) values (132, '37800333129706', 57);
insert into ORDER_PRODUCT (order_id, product_id, qty) values (90, '20069124076652', 3);
insert into ORDER_PRODUCT (order_id, product_id, qty) values (188, '98096973827593', 98);
insert into ORDER_PRODUCT (order_id, product_id, qty) values (102, '20954169027171', 84);
insert into ORDER_PRODUCT (order_id, product_id, qty) values (51, '68903376522647', 68);
insert into ORDER_PRODUCT (order_id, product_id, qty) values (86, '13999078380477', 16);
insert into ORDER_PRODUCT (order_id, product_id, qty) values (150, '94912823231631', 64);
insert into ORDER_PRODUCT (order_id, product_id, qty) values (118, '44569837067395', 44);
insert into ORDER_PRODUCT (order_id, product_id, qty) values (120, '47324630744366', 37);
insert into ORDER_PRODUCT (order_id, product_id, qty) values (172, '20220147268959', 37);
insert into ORDER_PRODUCT (order_id, product_id, qty) values (110, '08721841069453', 77);
insert into ORDER_PRODUCT (order_id, product_id, qty) values (12, '70469853091465', 67);
insert into ORDER_PRODUCT (order_id, product_id, qty) values (36, '19315686951956', 43);
insert into ORDER_PRODUCT (order_id, product_id, qty) values (188, '95283623375319', 10);
insert into ORDER_PRODUCT (order_id, product_id, qty) values (78, '56445324935958', 26);
insert into ORDER_PRODUCT (order_id, product_id, qty) values (160, '72368191816724', 9);
insert into ORDER_PRODUCT (order_id, product_id, qty) values (138, '37084262312712', 40);
insert into ORDER_PRODUCT (order_id, product_id, qty) values (123, '38042956439130', 49);
insert into ORDER_PRODUCT (order_id, product_id, qty) values (130, '48818424023215', 95);
insert into ORDER_PRODUCT (order_id, product_id, qty) values (24, '92784304557562', 64);
insert into ORDER_PRODUCT (order_id, product_id, qty) values (74, '87784564749359', 25);
insert into ORDER_PRODUCT (order_id, product_id, qty) values (74, '94980875674475', 46);
insert into ORDER_PRODUCT (order_id, product_id, qty) values (135, '88430029071855', 31);
insert into ORDER_PRODUCT (order_id, product_id, qty) values (127, '23672706797509', 31);
insert into ORDER_PRODUCT (order_id, product_id, qty) values (105, '14646850100594', 9);
insert into ORDER_PRODUCT (order_id, product_id, qty) values (15, '57099074269061', 91);
insert into ORDER_PRODUCT (order_id, product_id, qty) values (139, '12409744469070', 42);
insert into ORDER_PRODUCT (order_id, product_id, qty) values (45, '57467860252541', 49);
insert into ORDER_PRODUCT (order_id, product_id, qty) values (193, '64890559215698', 34);
insert into ORDER_PRODUCT (order_id, product_id, qty) values (50, '67109321853974', 71);
insert into ORDER_PRODUCT (order_id, product_id, qty) values (127, '11356880232909', 35);
insert into ORDER_PRODUCT (order_id, product_id, qty) values (115, '40531258903353', 99);
insert into ORDER_PRODUCT (order_id, product_id, qty) values (81, '11145314430476', 30);
insert into ORDER_PRODUCT (order_id, product_id, qty) values (109, '76219270747532', 62);
insert into ORDER_PRODUCT (order_id, product_id, qty) values (142, '13832538780651', 36);
insert into ORDER_PRODUCT (order_id, product_id, qty) values (77, '08930936732188', 34);
insert into ORDER_PRODUCT (order_id, product_id, qty) values (172, '85271139090608', 97);
insert into ORDER_PRODUCT (order_id, product_id, qty) values (105, '31585438347147', 50);
insert into ORDER_PRODUCT (order_id, product_id, qty) values (153, '78173240321426', 87);
insert into ORDER_PRODUCT (order_id, product_id, qty) values (191, '60202039805582', 11);
insert into ORDER_PRODUCT (order_id, product_id, qty) values (105, '31867910734872', 100);
insert into ORDER_PRODUCT (order_id, product_id, qty) values (2, '93215669672857', 75);
insert into ORDER_PRODUCT (order_id, product_id, qty) values (90, '07378751814769', 47);
insert into ORDER_PRODUCT (order_id, product_id, qty) values (36, '60647392774660', 79);
insert into ORDER_PRODUCT (order_id, product_id, qty) values (67, '91683681208539', 45);
insert into ORDER_PRODUCT (order_id, product_id, qty) values (136, '42583052967722', 1);
insert into ORDER_PRODUCT (order_id, product_id, qty) values (64, '73358023505898', 43);
insert into ORDER_PRODUCT (order_id, product_id, qty) values (68, '20819912559836', 58);
insert into ORDER_PRODUCT (order_id, product_id, qty) values (112, '95443595845377', 66);
insert into ORDER_PRODUCT (order_id, product_id, qty) values (179, '61624642292007', 24);
insert into ORDER_PRODUCT (order_id, product_id, qty) values (72, '66428057242316', 46);
insert into ORDER_PRODUCT (order_id, product_id, qty) values (115, '04558501830967', 25);
insert into ORDER_PRODUCT (order_id, product_id, qty) values (177, '71474868511354', 33);
insert into ORDER_PRODUCT (order_id, product_id, qty) values (90, '73406446745755', 46);
insert into ORDER_PRODUCT (order_id, product_id, qty) values (70, '21892099912089', 3);
insert into ORDER_PRODUCT (order_id, product_id, qty) values (10, '98557002641289', 68);
insert into ORDER_PRODUCT (order_id, product_id, qty) values (137, '26150713223031', 99);
insert into ORDER_PRODUCT (order_id, product_id, qty) values (52, '64440757289853', 12);
insert into ORDER_PRODUCT (order_id, product_id, qty) values (1, '64890559215698', 77);
insert into ORDER_PRODUCT (order_id, product_id, qty) values (15, '25272194287877', 95);
insert into ORDER_PRODUCT (order_id, product_id, qty) values (194, '16753397337999', 32);
insert into ORDER_PRODUCT (order_id, product_id, qty) values (1, '35934545101782', 31);
insert into ORDER_PRODUCT (order_id, product_id, qty) values (88, '38551315536906', 63);
insert into ORDER_PRODUCT (order_id, product_id, qty) values (34, '22574575928025', 43);
insert into ORDER_PRODUCT (order_id, product_id, qty) values (103, '18211361590049', 69);
insert into ORDER_PRODUCT (order_id, product_id, qty) values (113, '38686244613247', 31);
insert into ORDER_PRODUCT (order_id, product_id, qty) values (186, '92240903648813', 47);
insert into ORDER_PRODUCT (order_id, product_id, qty) values (39, '60514839737384', 20);
insert into ORDER_PRODUCT (order_id, product_id, qty) values (80, '92177932905549', 35);
insert into ORDER_PRODUCT (order_id, product_id, qty) values (148, '48503762729149', 67);
insert into ORDER_PRODUCT (order_id, product_id, qty) values (195, '37274738561607', 31);
insert into ORDER_PRODUCT (order_id, product_id, qty) values (121, '79611323537852', 78);
insert into ORDER_PRODUCT (order_id, product_id, qty) values (99, '60929652081199', 26);
insert into ORDER_PRODUCT (order_id, product_id, qty) values (159, '74346247768190', 73);
insert into ORDER_PRODUCT (order_id, product_id, qty) values (195, '43885084801625', 68);
insert into ORDER_PRODUCT (order_id, product_id, qty) values (124, '47324630744366', 38);
insert into ORDER_PRODUCT (order_id, product_id, qty) values (148, '94843278066205', 24);
insert into ORDER_PRODUCT (order_id, product_id, qty) values (67, '01003152813147', 19);
insert into ORDER_PRODUCT (order_id, product_id, qty) values (75, '51870069332803', 34);
insert into ORDER_PRODUCT (order_id, product_id, qty) values (50, '00095804046983', 35);
insert into ORDER_PRODUCT (order_id, product_id, qty) values (32, '04476728226518', 34);
insert into ORDER_PRODUCT (order_id, product_id, qty) values (66, '33139022167317', 69);
insert into ORDER_PRODUCT (order_id, product_id, qty) values (30, '12458763496690', 66);
insert into ORDER_PRODUCT (order_id, product_id, qty) values (188, '96723453329910', 43);
insert into ORDER_PRODUCT (order_id, product_id, qty) values (164, '83329109879111', 95);
insert into ORDER_PRODUCT (order_id, product_id, qty) values (163, '48203642515398', 100);
insert into ORDER_PRODUCT (order_id, product_id, qty) values (78, '58768045041637', 93);
insert into ORDER_PRODUCT (order_id, product_id, qty) values (113, '91017698189735', 62);
insert into ORDER_PRODUCT (order_id, product_id, qty) values (102, '17153148573086', 86);
insert into ORDER_PRODUCT (order_id, product_id, qty) values (75, '83457363981478', 78);
insert into ORDER_PRODUCT (order_id, product_id, qty) values (127, '14190969655488', 26);
insert into ORDER_PRODUCT (order_id, product_id, qty) values (81, '30298992519465', 80);
insert into ORDER_PRODUCT (order_id, product_id, qty) values (3, '20237091885443', 29);
insert into ORDER_PRODUCT (order_id, product_id, qty) values (107, '10596539647466', 73);
insert into ORDER_PRODUCT (order_id, product_id, qty) values (87, '93215669672857', 83);
insert into ORDER_PRODUCT (order_id, product_id, qty) values (108, '43028605075228', 86);
insert into ORDER_PRODUCT (order_id, product_id, qty) values (167, '60348647871597', 88);
insert into ORDER_PRODUCT (order_id, product_id, qty) values (178, '93830134544583', 41);
insert into ORDER_PRODUCT (order_id, product_id, qty) values (83, '12456386199224', 52);
insert into ORDER_PRODUCT (order_id, product_id, qty) values (154, '96910254559023', 8);
insert into ORDER_PRODUCT (order_id, product_id, qty) values (159, '98351597603938', 21);
insert into ORDER_PRODUCT (order_id, product_id, qty) values (107, '07381266696401', 45);
insert into ORDER_PRODUCT (order_id, product_id, qty) values (5, '59903249893955', 71);
insert into ORDER_PRODUCT (order_id, product_id, qty) values (193, '86430935739404', 97);
insert into ORDER_PRODUCT (order_id, product_id, qty) values (25, '62879052815147', 81);
insert into ORDER_PRODUCT (order_id, product_id, qty) values (123, '93128354676357', 41);
insert into ORDER_PRODUCT (order_id, product_id, qty) values (14, '76161117574938', 47);
insert into ORDER_PRODUCT (order_id, product_id, qty) values (135, '08930936732188', 50);
insert into ORDER_PRODUCT (order_id, product_id, qty) values (131, '41785405621397', 17);
insert into ORDER_PRODUCT (order_id, product_id, qty) values (157, '42538135481959', 89);
insert into ORDER_PRODUCT (order_id, product_id, qty) values (164, '21506297619253', 93);
insert into ORDER_PRODUCT (order_id, product_id, qty) values (9, '62265176655058', 3);
insert into ORDER_PRODUCT (order_id, product_id, qty) values (176, '09309201260701', 79);
insert into ORDER_PRODUCT (order_id, product_id, qty) values (9, '29081847984026', 32);
insert into ORDER_PRODUCT (order_id, product_id, qty) values (89, '74798914874103', 36);
insert into ORDER_PRODUCT (order_id, product_id, qty) values (52, '16389620141974', 53);
insert into ORDER_PRODUCT (order_id, product_id, qty) values (76, '51177921588331', 72);
insert into ORDER_PRODUCT (order_id, product_id, qty) values (185, '98528042437131', 38);
insert into ORDER_PRODUCT (order_id, product_id, qty) values (24, '20110005329507', 5);
insert into ORDER_PRODUCT (order_id, product_id, qty) values (150, '79810802495470', 10);
insert into ORDER_PRODUCT (order_id, product_id, qty) values (39, '60630741193911', 74);
insert into ORDER_PRODUCT (order_id, product_id, qty) values (108, '74622139005232', 29);
insert into ORDER_PRODUCT (order_id, product_id, qty) values (28, '35826441826296', 61);
insert into ORDER_PRODUCT (order_id, product_id, qty) values (118, '44458957267744', 28);
insert into ORDER_PRODUCT (order_id, product_id, qty) values (124, '80852704490762', 36);
insert into ORDER_PRODUCT (order_id, product_id, qty) values (99, '20605577847315', 94);
insert into ORDER_PRODUCT (order_id, product_id, qty) values (80, '98528042437131', 97);
insert into ORDER_PRODUCT (order_id, product_id, qty) values (83, '26032983695880', 37);
insert into ORDER_PRODUCT (order_id, product_id, qty) values (167, '78173240321426', 77);
insert into ORDER_PRODUCT (order_id, product_id, qty) values (103, '53864786141336', 10);
insert into ORDER_PRODUCT (order_id, product_id, qty) values (179, '69243801542817', 32);
insert into ORDER_PRODUCT (order_id, product_id, qty) values (149, '54422830423854', 18);
insert into ORDER_PRODUCT (order_id, product_id, qty) values (94, '74047911904563', 19);
insert into ORDER_PRODUCT (order_id, product_id, qty) values (74, '75487239889476', 58);
insert into ORDER_PRODUCT (order_id, product_id, qty) values (199, '95467905587053', 38);
insert into ORDER_PRODUCT (order_id, product_id, qty) values (56, '13832538780651', 59);
insert into ORDER_PRODUCT (order_id, product_id, qty) values (106, '48586879777076', 28);
insert into ORDER_PRODUCT (order_id, product_id, qty) values (68, '43591488832893', 4);
insert into ORDER_PRODUCT (order_id, product_id, qty) values (164, '52408655566176', 33);
insert into ORDER_PRODUCT (order_id, product_id, qty) values (25, '78173240321426', 49);
insert into ORDER_PRODUCT (order_id, product_id, qty) values (19, '88683872903519', 43);
insert into ORDER_PRODUCT (order_id, product_id, qty) values (20, '75487239889476', 20);
insert into ORDER_PRODUCT (order_id, product_id, qty) values (20, '98544109683889', 21);
insert into ORDER_PRODUCT (order_id, product_id, qty) values (91, '41700385107281', 87);
insert into ORDER_PRODUCT (order_id, product_id, qty) values (194, '01388807967198', 72);
insert into ORDER_PRODUCT (order_id, product_id, qty) values (106, '08325334726691', 15);
insert into ORDER_PRODUCT (order_id, product_id, qty) values (141, '69598280387040', 97);
insert into ORDER_PRODUCT (order_id, product_id, qty) values (154, '59927170281432', 2);
insert into ORDER_PRODUCT (order_id, product_id, qty) values (74, '55064342603049', 75);
insert into ORDER_PRODUCT (order_id, product_id, qty) values (139, '23620603303302', 52);
insert into ORDER_PRODUCT (order_id, product_id, qty) values (181, '53016461181349', 96);
insert into ORDER_PRODUCT (order_id, product_id, qty) values (115, '43998820233513', 21);
insert into ORDER_PRODUCT (order_id, product_id, qty) values (163, '11631259241353', 11);
insert into ORDER_PRODUCT (order_id, product_id, qty) values (108, '23449849430954', 14);
insert into ORDER_PRODUCT (order_id, product_id, qty) values (45, '53388065262045', 31);
insert into ORDER_PRODUCT (order_id, product_id, qty) values (63, '16389620141974', 60);
insert into ORDER_PRODUCT (order_id, product_id, qty) values (166, '42523984162291', 25);
insert into ORDER_PRODUCT (order_id, product_id, qty) values (68, '61730445970289', 12);
insert into ORDER_PRODUCT (order_id, product_id, qty) values (6, '39249161291785', 19);
insert into ORDER_PRODUCT (order_id, product_id, qty) values (181, '39395369766859', 34);
insert into ORDER_PRODUCT (order_id, product_id, qty) values (105, '93951774622199', 51);
insert into ORDER_PRODUCT (order_id, product_id, qty) values (176, '86302425301028', 30);
insert into ORDER_PRODUCT (order_id, product_id, qty) values (80, '54635648824303', 48);
insert into ORDER_PRODUCT (order_id, product_id, qty) values (176, '17604455820631', 51);
insert into ORDER_PRODUCT (order_id, product_id, qty) values (131, '87296275711507', 79);
insert into ORDER_PRODUCT (order_id, product_id, qty) values (18, '34178446506367', 76);
insert into ORDER_PRODUCT (order_id, product_id, qty) values (81, '94912823231631', 11);
insert into ORDER_PRODUCT (order_id, product_id, qty) values (118, '72306703118556', 49);
insert into ORDER_PRODUCT (order_id, product_id, qty) values (172, '79769581100766', 79);
insert into ORDER_PRODUCT (order_id, product_id, qty) values (188, '52337635580745', 68);
insert into ORDER_PRODUCT (order_id, product_id, qty) values (59, '51183244334974', 56);
insert into ORDER_PRODUCT (order_id, product_id, qty) values (148, '16994615608468', 90);
insert into ORDER_PRODUCT (order_id, product_id, qty) values (65, '09530108958705', 20);
insert into ORDER_PRODUCT (order_id, product_id, qty) values (134, '93086101643439', 65);
insert into ORDER_PRODUCT (order_id, product_id, qty) values (77, '55919255533034', 73);
insert into ORDER_PRODUCT (order_id, product_id, qty) values (49, '95640597926671', 67);
insert into ORDER_PRODUCT (order_id, product_id, qty) values (82, '41342371544734', 30);
insert into ORDER_PRODUCT (order_id, product_id, qty) values (20, '41103068233323', 81);
insert into ORDER_PRODUCT (order_id, product_id, qty) values (82, '46353128351856', 65);
insert into ORDER_PRODUCT (order_id, product_id, qty) values (132, '50445887731894', 95);
insert into ORDER_PRODUCT (order_id, product_id, qty) values (73, '94980875674475', 24);
insert into ORDER_PRODUCT (order_id, product_id, qty) values (149, '88027591675322', 1);
insert into ORDER_PRODUCT (order_id, product_id, qty) values (155, '12294096867478', 21);
insert into ORDER_PRODUCT (order_id, product_id, qty) values (122, '74791636796733', 68);
insert into ORDER_PRODUCT (order_id, product_id, qty) values (126, '74253394338482', 66);
insert into ORDER_PRODUCT (order_id, product_id, qty) values (143, '43129371035019', 71);
insert into ORDER_PRODUCT (order_id, product_id, qty) values (35, '64018798578686', 100);
insert into ORDER_PRODUCT (order_id, product_id, qty) values (74, '57228981235106', 1);
insert into ORDER_PRODUCT (order_id, product_id, qty) values (181, '54001808204935', 25);
insert into ORDER_PRODUCT (order_id, product_id, qty) values (168, '10913333753180', 97);
insert into ORDER_PRODUCT (order_id, product_id, qty) values (58, '37800333129706', 3);
insert into ORDER_PRODUCT (order_id, product_id, qty) values (199, '27818570156711', 34);
insert into ORDER_PRODUCT (order_id, product_id, qty) values (71, '87160036643665', 21);
insert into ORDER_PRODUCT (order_id, product_id, qty) values (153, '59897321152956', 47);
insert into ORDER_PRODUCT (order_id, product_id, qty) values (57, '85350039364492', 93);
insert into ORDER_PRODUCT (order_id, product_id, qty) values (196, '14190969655488', 54);
insert into ORDER_PRODUCT (order_id, product_id, qty) values (16, '52089787033075', 34);
insert into ORDER_PRODUCT (order_id, product_id, qty) values (120, '26636596059890', 85);
insert into ORDER_PRODUCT (order_id, product_id, qty) values (7, '63971085297384', 54);
insert into ORDER_PRODUCT (order_id, product_id, qty) values (178, '49169633974735', 35);
insert into ORDER_PRODUCT (order_id, product_id, qty) values (133, '51007782482794', 5);
insert into ORDER_PRODUCT (order_id, product_id, qty) values (55, '52089787033075', 95);
insert into ORDER_PRODUCT (order_id, product_id, qty) values (12, '91809753100825', 30);
insert into ORDER_PRODUCT (order_id, product_id, qty) values (166, '54662060053815', 49);
insert into ORDER_PRODUCT (order_id, product_id, qty) values (45, '12484703228976', 100);
insert into ORDER_PRODUCT (order_id, product_id, qty) values (129, '25927245775923', 33);
insert into ORDER_PRODUCT (order_id, product_id, qty) values (102, '67665926418188', 29);
insert into ORDER_PRODUCT (order_id, product_id, qty) values (186, '65514733379202', 15);
insert into ORDER_PRODUCT (order_id, product_id, qty) values (178, '19302403907620', 23);
insert into ORDER_PRODUCT (order_id, product_id, qty) values (137, '71499572314136', 100);
insert into ORDER_PRODUCT (order_id, product_id, qty) values (127, '79457697296225', 67);
insert into ORDER_PRODUCT (order_id, product_id, qty) values (108, '58768045041637', 67);
insert into ORDER_PRODUCT (order_id, product_id, qty) values (186, '37885900423264', 15);
insert into ORDER_PRODUCT (order_id, product_id, qty) values (78, '22808485554253', 89);
insert into ORDER_PRODUCT (order_id, product_id, qty) values (116, '83038006417915', 16);
insert into ORDER_PRODUCT (order_id, product_id, qty) values (85, '21334951754417', 25);
insert into ORDER_PRODUCT (order_id, product_id, qty) values (172, '80650045124309', 20);
insert into ORDER_PRODUCT (order_id, product_id, qty) values (56, '14217056680077', 100);
insert into ORDER_PRODUCT (order_id, product_id, qty) values (37, '75254721262974', 33);
insert into ORDER_PRODUCT (order_id, product_id, qty) values (58, '63621924877960', 62);
insert into ORDER_PRODUCT (order_id, product_id, qty) values (154, '00408671297586', 45);
insert into ORDER_PRODUCT (order_id, product_id, qty) values (99, '50862176464525', 49);
insert into ORDER_PRODUCT (order_id, product_id, qty) values (73, '48889055355812', 26);
insert into ORDER_PRODUCT (order_id, product_id, qty) values (61, '80143864369851', 76);
insert into ORDER_PRODUCT (order_id, product_id, qty) values (59, '77491435974905', 79);
insert into ORDER_PRODUCT (order_id, product_id, qty) values (42, '69596408766466', 55);
insert into ORDER_PRODUCT (order_id, product_id, qty) values (107, '59921161874981', 96);
insert into ORDER_PRODUCT (order_id, product_id, qty) values (64, '77145590367796', 34);
insert into ORDER_PRODUCT (order_id, product_id, qty) values (190, '93122824156996', 22);
insert into ORDER_PRODUCT (order_id, product_id, qty) values (161, '09028845516080', 5);
insert into ORDER_PRODUCT (order_id, product_id, qty) values (52, '23977467373070', 27);
insert into ORDER_PRODUCT (order_id, product_id, qty) values (54, '77763078430678', 38);
insert into ORDER_PRODUCT (order_id, product_id, qty) values (107, '67665926418188', 30);
insert into ORDER_PRODUCT (order_id, product_id, qty) values (13, '91301650832743', 31);
insert into ORDER_PRODUCT (order_id, product_id, qty) values (17, '07965800853102', 71);
insert into ORDER_PRODUCT (order_id, product_id, qty) values (75, '69243801542817', 30);
insert into ORDER_PRODUCT (order_id, product_id, qty) values (149, '76499859577021', 9);
insert into ORDER_PRODUCT (order_id, product_id, qty) values (67, '21267730660293', 16);
insert into ORDER_PRODUCT (order_id, product_id, qty) values (116, '78703264742592', 34);
insert into ORDER_PRODUCT (order_id, product_id, qty) values (72, '87761102397180', 91);
insert into ORDER_PRODUCT (order_id, product_id, qty) values (133, '04274217736200', 36);
insert into ORDER_PRODUCT (order_id, product_id, qty) values (16, '02077945435357', 51);
insert into ORDER_PRODUCT (order_id, product_id, qty) values (141, '94494541048213', 1);
insert into ORDER_PRODUCT (order_id, product_id, qty) values (103, '19315686951956', 9);
insert into ORDER_PRODUCT (order_id, product_id, qty) values (94, '83038006417915', 22);
insert into ORDER_PRODUCT (order_id, product_id, qty) values (164, '28725087252604', 14);
insert into ORDER_PRODUCT (order_id, product_id, qty) values (139, '92784304557562', 65);
insert into ORDER_PRODUCT (order_id, product_id, qty) values (60, '34720658179569', 16);
insert into ORDER_PRODUCT (order_id, product_id, qty) values (23, '56445324935958', 77);
insert into ORDER_PRODUCT (order_id, product_id, qty) values (133, '53378491018702', 79);
insert into ORDER_PRODUCT (order_id, product_id, qty) values (85, '45045842743129', 28);
insert into ORDER_PRODUCT (order_id, product_id, qty) values (166, '83531171341577', 37);
insert into ORDER_PRODUCT (order_id, product_id, qty) values (47, '04966918123335', 82);
insert into ORDER_PRODUCT (order_id, product_id, qty) values (88, '54629344518172', 62);
insert into ORDER_PRODUCT (order_id, product_id, qty) values (196, '33335713604857', 99);
insert into ORDER_PRODUCT (order_id, product_id, qty) values (70, '89445169288317', 95);
insert into ORDER_PRODUCT (order_id, product_id, qty) values (154, '11636603794642', 6);
insert into ORDER_PRODUCT (order_id, product_id, qty) values (122, '29081847984026', 45);
insert into ORDER_PRODUCT (order_id, product_id, qty) values (165, '22174598495078', 87);
insert into ORDER_PRODUCT (order_id, product_id, qty) values (60, '60288057930908', 15);
insert into ORDER_PRODUCT (order_id, product_id, qty) values (125, '06576263688730', 17);
insert into ORDER_PRODUCT (order_id, product_id, qty) values (1, '35082456625342', 2);
insert into ORDER_PRODUCT (order_id, product_id, qty) values (14, '04143982262573', 99);
insert into ORDER_PRODUCT (order_id, product_id, qty) values (128, '53588122130967', 53);
insert into ORDER_PRODUCT (order_id, product_id, qty) values (158, '10673727935014', 76);
insert into ORDER_PRODUCT (order_id, product_id, qty) values (99, '85345408731981', 58);
insert into ORDER_PRODUCT (order_id, product_id, qty) values (127, '54001808204935', 74);
insert into ORDER_PRODUCT (order_id, product_id, qty) values (51, '69781618668892', 71);
insert into ORDER_PRODUCT (order_id, product_id, qty) values (57, '64440757289853', 82);
insert into ORDER_PRODUCT (order_id, product_id, qty) values (12, '66154656216330', 71);
insert into ORDER_PRODUCT (order_id, product_id, qty) values (180, '64751676153333', 7);
insert into ORDER_PRODUCT (order_id, product_id, qty) values (48, '46419673715688', 45);
insert into ORDER_PRODUCT (order_id, product_id, qty) values (8, '19613353452703', 52);
insert into ORDER_PRODUCT (order_id, product_id, qty) values (173, '60345918755697', 41);
insert into ORDER_PRODUCT (order_id, product_id, qty) values (199, '33335713604857', 89);
insert into ORDER_PRODUCT (order_id, product_id, qty) values (107, '42468462654003', 79);
insert into ORDER_PRODUCT (order_id, product_id, qty) values (139, '38159331027732', 86);
insert into ORDER_PRODUCT (order_id, product_id, qty) values (34, '05869446897265', 44);
insert into ORDER_PRODUCT (order_id, product_id, qty) values (181, '21955861675171', 65);
insert into ORDER_PRODUCT (order_id, product_id, qty) values (183, '22385924531322', 56);
insert into ORDER_PRODUCT (order_id, product_id, qty) values (199, '59353562310025', 12);
insert into ORDER_PRODUCT (order_id, product_id, qty) values (45, '98557002641289', 21);
insert into ORDER_PRODUCT (order_id, product_id, qty) values (150, '79611323537852', 42);
insert into ORDER_PRODUCT (order_id, product_id, qty) values (95, '98173372141244', 41);
insert into ORDER_PRODUCT (order_id, product_id, qty) values (71, '02629372807294', 95);
insert into ORDER_PRODUCT (order_id, product_id, qty) values (189, '26630453284600', 22);
insert into ORDER_PRODUCT (order_id, product_id, qty) values (101, '88335019990476', 47);
insert into ORDER_PRODUCT (order_id, product_id, qty) values (158, '97737367509333', 83);
insert into ORDER_PRODUCT (order_id, product_id, qty) values (45, '45403882875751', 8);
insert into ORDER_PRODUCT (order_id, product_id, qty) values (1, '57904051876545', 29);
insert into ORDER_PRODUCT (order_id, product_id, qty) values (4, '87581771753274', 10);
insert into ORDER_PRODUCT (order_id, product_id, qty) values (94, '80143864369851', 98);
insert into ORDER_PRODUCT (order_id, product_id, qty) values (182, '89471093654239', 26);
insert into ORDER_PRODUCT (order_id, product_id, qty) values (81, '95640597926671', 53);
insert into ORDER_PRODUCT (order_id, product_id, qty) values (1, '32589844230658', 59);
insert into ORDER_PRODUCT (order_id, product_id, qty) values (44, '35826441826296', 31);
insert into ORDER_PRODUCT (order_id, product_id, qty) values (168, '11117052234906', 15);
insert into ORDER_PRODUCT (order_id, product_id, qty) values (111, '60298480277259', 82);
insert into ORDER_PRODUCT (order_id, product_id, qty) values (143, '84413277644724', 87);
insert into ORDER_PRODUCT (order_id, product_id, qty) values (194, '25394639091688', 69);
insert into ORDER_PRODUCT (order_id, product_id, qty) values (119, '60749123756562', 100);
insert into ORDER_PRODUCT (order_id, product_id, qty) values (35, '72457032810659', 62);
insert into ORDER_PRODUCT (order_id, product_id, qty) values (107, '46916370395918', 23);
insert into ORDER_PRODUCT (order_id, product_id, qty) values (70, '74731395552972', 66);
insert into ORDER_PRODUCT (order_id, product_id, qty) values (21, '74798914874103', 60);
insert into ORDER_PRODUCT (order_id, product_id, qty) values (103, '14646850100594', 48);
insert into ORDER_PRODUCT (order_id, product_id, qty) values (57, '41342371544734', 82);
insert into ORDER_PRODUCT (order_id, product_id, qty) values (43, '02485032349680', 46);
insert into ORDER_PRODUCT (order_id, product_id, qty) values (24, '32411030924891', 76);
insert into ORDER_PRODUCT (order_id, product_id, qty) values (94, '99195313521888', 3);
insert into ORDER_PRODUCT (order_id, product_id, qty) values (107, '96529456880291', 52);
insert into ORDER_PRODUCT (order_id, product_id, qty) values (135, '89044796916068', 26);
insert into ORDER_PRODUCT (order_id, product_id, qty) values (149, '47688930240828', 57);
insert into ORDER_PRODUCT (order_id, product_id, qty) values (108, '02007080130850', 17);
insert into ORDER_PRODUCT (order_id, product_id, qty) values (178, '87110551919359', 97);
insert into ORDER_PRODUCT (order_id, product_id, qty) values (91, '32523019951361', 60);
insert into ORDER_PRODUCT (order_id, product_id, qty) values (68, '40106639169438', 60);
insert into ORDER_PRODUCT (order_id, product_id, qty) values (123, '74791636796733', 9);
insert into ORDER_PRODUCT (order_id, product_id, qty) values (49, '52975704728303', 56);
insert into ORDER_PRODUCT (order_id, product_id, qty) values (100, '36956399125584', 68);
insert into ORDER_PRODUCT (order_id, product_id, qty) values (25, '04558501830967', 27);
insert into ORDER_PRODUCT (order_id, product_id, qty) values (140, '10625959196364', 7);
insert into ORDER_PRODUCT (order_id, product_id, qty) values (148, '43108380615164', 78);
insert into ORDER_PRODUCT (order_id, product_id, qty) values (195, '23050422848700', 68);
insert into ORDER_PRODUCT (order_id, product_id, qty) values (114, '48537178206824', 31);
insert into ORDER_PRODUCT (order_id, product_id, qty) values (88, '46419673715688', 4);
insert into ORDER_PRODUCT (order_id, product_id, qty) values (155, '78173240321426', 73);
insert into ORDER_PRODUCT (order_id, product_id, qty) values (26, '47569593570875', 78);
insert into ORDER_PRODUCT (order_id, product_id, qty) values (78, '00343620859459', 10);
insert into ORDER_PRODUCT (order_id, product_id, qty) values (174, '20076338969877', 31);
insert into ORDER_PRODUCT (order_id, product_id, qty) values (183, '81681482263262', 12);
insert into ORDER_PRODUCT (order_id, product_id, qty) values (90, '64804479315405', 84);
insert into ORDER_PRODUCT (order_id, product_id, qty) values (5, '36569400536895', 8);
insert into ORDER_PRODUCT (order_id, product_id, qty) values (92, '99256639967238', 79);
insert into ORDER_PRODUCT (order_id, product_id, qty) values (47, '33780956922406', 79);
insert into ORDER_PRODUCT (order_id, product_id, qty) values (131, '91882351934942', 10);
insert into ORDER_PRODUCT (order_id, product_id, qty) values (129, '69911244684218', 53);
insert into ORDER_PRODUCT (order_id, product_id, qty) values (127, '68966966097268', 84);
insert into ORDER_PRODUCT (order_id, product_id, qty) values (60, '53864786141336', 74);
insert into ORDER_PRODUCT (order_id, product_id, qty) values (63, '57264773512345', 15);
insert into ORDER_PRODUCT (order_id, product_id, qty) values (49, '04476728226518', 57);
insert into ORDER_PRODUCT (order_id, product_id, qty) values (185, '54095220554617', 96);
insert into ORDER_PRODUCT (order_id, product_id, qty) values (45, '10673727935014', 53);
insert into ORDER_PRODUCT (order_id, product_id, qty) values (200, '47569593570875', 46);
insert into ORDER_PRODUCT (order_id, product_id, qty) values (127, '58768045041637', 66);
insert into ORDER_PRODUCT (order_id, product_id, qty) values (139, '30893703758356', 6);
insert into ORDER_PRODUCT (order_id, product_id, qty) values (39, '07114516099756', 78);
insert into ORDER_PRODUCT (order_id, product_id, qty) values (1, '40594219692550', 61);
insert into ORDER_PRODUCT (order_id, product_id, qty) values (95, '98372262818404', 78);
insert into ORDER_PRODUCT (order_id, product_id, qty) values (82, '91400602637026', 59);
insert into ORDER_PRODUCT (order_id, product_id, qty) values (74, '04143982262573', 95);
insert into ORDER_PRODUCT (order_id, product_id, qty) values (180, '13113767186384', 61);
insert into ORDER_PRODUCT (order_id, product_id, qty) values (133, '91918328448615', 92);
insert into ORDER_PRODUCT (order_id, product_id, qty) values (79, '35017669457466', 84);
insert into ORDER_PRODUCT (order_id, product_id, qty) values (168, '66154656216330', 2);
insert into ORDER_PRODUCT (order_id, product_id, qty) values (181, '48659894604072', 62);
insert into ORDER_PRODUCT (order_id, product_id, qty) values (196, '43304889134287', 35);
insert into ORDER_PRODUCT (order_id, product_id, qty) values (61, '87296275711507', 51);
insert into ORDER_PRODUCT (order_id, product_id, qty) values (63, '27818570156711', 75);
insert into ORDER_PRODUCT (order_id, product_id, qty) values (44, '14801976722708', 36);
insert into ORDER_PRODUCT (order_id, product_id, qty) values (88, '54245255745758', 75);
insert into ORDER_PRODUCT (order_id, product_id, qty) values (103, '60749123756562', 53);
insert into ORDER_PRODUCT (order_id, product_id, qty) values (176, '01300476412751', 77);
insert into ORDER_PRODUCT (order_id, product_id, qty) values (38, '78173240321426', 54);
insert into ORDER_PRODUCT (order_id, product_id, qty) values (7, '87751474296762', 75);
insert into ORDER_PRODUCT (order_id, product_id, qty) values (175, '85094318835650', 20);
insert into ORDER_PRODUCT (order_id, product_id, qty) values (104, '14190969655488', 9);
insert into ORDER_PRODUCT (order_id, product_id, qty) values (158, '23314265319132', 56);
insert into ORDER_PRODUCT (order_id, product_id, qty) values (138, '11634605630609', 86);
insert into ORDER_PRODUCT (order_id, product_id, qty) values (17, '74253394338482', 62);
insert into ORDER_PRODUCT (order_id, product_id, qty) values (96, '41785405621397', 45);
insert into ORDER_PRODUCT (order_id, product_id, qty) values (92, '04790663827637', 98);
insert into ORDER_PRODUCT (order_id, product_id, qty) values (28, '71288706877276', 35);
insert into ORDER_PRODUCT (order_id, product_id, qty) values (103, '11145314430476', 18);
insert into ORDER_PRODUCT (order_id, product_id, qty) values (173, '74346247768190', 30);
insert into ORDER_PRODUCT (order_id, product_id, qty) values (122, '66388230045674', 52);
insert into ORDER_PRODUCT (order_id, product_id, qty) values (2, '64440757289853', 55);
insert into ORDER_PRODUCT (order_id, product_id, qty) values (96, '30889847690003', 70);
insert into ORDER_PRODUCT (order_id, product_id, qty) values (182, '85805394130810', 93);
insert into ORDER_PRODUCT (order_id, product_id, qty) values (188, '82462064642913', 90);
insert into ORDER_PRODUCT (order_id, product_id, qty) values (137, '63311969682589', 42);
insert into ORDER_PRODUCT (order_id, product_id, qty) values (52, '88037851694806', 26);
insert into ORDER_PRODUCT (order_id, product_id, qty) values (49, '96529456880291', 19);
insert into ORDER_PRODUCT (order_id, product_id, qty) values (91, '25927245775923', 10);
insert into ORDER_PRODUCT (order_id, product_id, qty) values (159, '94321616496605', 12);
insert into ORDER_PRODUCT (order_id, product_id, qty) values (47, '57099074269061', 21);
insert into ORDER_PRODUCT (order_id, product_id, qty) values (155, '88412024620840', 30);
insert into ORDER_PRODUCT (order_id, product_id, qty) values (169, '48203642515398', 25);
insert into ORDER_PRODUCT (order_id, product_id, qty) values (173, '99250009348205', 69);
insert into ORDER_PRODUCT (order_id, product_id, qty) values (34, '76619163031750', 22);
insert into ORDER_PRODUCT (order_id, product_id, qty) values (139, '27659949341720', 57);
insert into ORDER_PRODUCT (order_id, product_id, qty) values (114, '41342371544734', 44);
insert into ORDER_PRODUCT (order_id, product_id, qty) values (26, '03224172110551', 82);
insert into ORDER_PRODUCT (order_id, product_id, qty) values (28, '07467676409170', 59);
insert into ORDER_PRODUCT (order_id, product_id, qty) values (64, '94912823231631', 59);
insert into ORDER_PRODUCT (order_id, product_id, qty) values (165, '36520579246934', 59);
insert into ORDER_PRODUCT (order_id, product_id, qty) values (190, '49537889828872', 45);
insert into ORDER_PRODUCT (order_id, product_id, qty) values (172, '65683420691040', 6);
insert into ORDER_PRODUCT (order_id, product_id, qty) values (108, '93128354676357', 46);
insert into ORDER_PRODUCT (order_id, product_id, qty) values (113, '77292718355120', 24);
insert into ORDER_PRODUCT (order_id, product_id, qty) values (65, '52929648368192', 63);
insert into ORDER_PRODUCT (order_id, product_id, qty) values (62, '14637753059135', 32);
insert into ORDER_PRODUCT (order_id, product_id, qty) values (68, '17738489065993', 6);
insert into ORDER_PRODUCT (order_id, product_id, qty) values (179, '59353562310025', 11);
insert into ORDER_PRODUCT (order_id, product_id, qty) values (76, '68903376522647', 22);
insert into ORDER_PRODUCT (order_id, product_id, qty) values (103, '74925858102005', 74);
insert into ORDER_PRODUCT (order_id, product_id, qty) values (119, '57099872711616', 1);
insert into ORDER_PRODUCT (order_id, product_id, qty) values (173, '52658154237546', 39);
insert into ORDER_PRODUCT (order_id, product_id, qty) values (172, '66598233281493', 46);
insert into ORDER_PRODUCT (order_id, product_id, qty) values (38, '25206317901410', 73);
insert into ORDER_PRODUCT (order_id, product_id, qty) values (129, '13223399672688', 19);
insert into ORDER_PRODUCT (order_id, product_id, qty) values (90, '81438733849653', 15);
insert into ORDER_PRODUCT (order_id, product_id, qty) values (27, '20397556332701', 59);
insert into ORDER_PRODUCT (order_id, product_id, qty) values (112, '23449849430954', 79);
insert into ORDER_PRODUCT (order_id, product_id, qty) values (8, '25909171469222', 45);
insert into ORDER_PRODUCT (order_id, product_id, qty) values (105, '67331518321852', 33);
insert into ORDER_PRODUCT (order_id, product_id, qty) values (69, '73612619691378', 69);
insert into ORDER_PRODUCT (order_id, product_id, qty) values (164, '22360632089468', 7);
insert into ORDER_PRODUCT (order_id, product_id, qty) values (85, '19315686951956', 12);
insert into ORDER_PRODUCT (order_id, product_id, qty) values (59, '78516680495666', 63);
insert into ORDER_PRODUCT (order_id, product_id, qty) values (32, '09409960074287', 7);
insert into ORDER_PRODUCT (order_id, product_id, qty) values (77, '55064342603049', 36);
insert into ORDER_PRODUCT (order_id, product_id, qty) values (54, '56860275774125', 44);
insert into ORDER_PRODUCT (order_id, product_id, qty) values (144, '74798914874103', 83);
insert into ORDER_PRODUCT (order_id, product_id, qty) values (75, '33335713604857', 55);
insert into ORDER_PRODUCT (order_id, product_id, qty) values (130, '77292718355120', 17);
insert into ORDER_PRODUCT (order_id, product_id, qty) values (143, '95209653338826', 41);
insert into ORDER_PRODUCT (order_id, product_id, qty) values (122, '73358023505898', 68);
insert into ORDER_PRODUCT (order_id, product_id, qty) values (63, '35302021986454', 47);
insert into ORDER_PRODUCT (order_id, product_id, qty) values (111, '17330222646347', 52);
insert into ORDER_PRODUCT (order_id, product_id, qty) values (158, '63311969682589', 4);
insert into ORDER_PRODUCT (order_id, product_id, qty) values (169, '98173372141244', 79);
insert into ORDER_PRODUCT (order_id, product_id, qty) values (142, '87599517404839', 67);
insert into ORDER_PRODUCT (order_id, product_id, qty) values (54, '88430029071855', 54);
insert into ORDER_PRODUCT (order_id, product_id, qty) values (8, '52405959262739', 34);
insert into ORDER_PRODUCT (order_id, product_id, qty) values (105, '54629344518172', 54);
insert into ORDER_PRODUCT (order_id, product_id, qty) values (41, '14190969655488', 54);
insert into ORDER_PRODUCT (order_id, product_id, qty) values (137, '17991845816367', 16);
insert into ORDER_PRODUCT (order_id, product_id, qty) values (125, '39447598302538', 10);
insert into ORDER_PRODUCT (order_id, product_id, qty) values (199, '23324550823754', 52);
insert into ORDER_PRODUCT (order_id, product_id, qty) values (191, '51402198094217', 20);
insert into ORDER_PRODUCT (order_id, product_id, qty) values (69, '46916370395918', 8);
insert into ORDER_PRODUCT (order_id, product_id, qty) values (140, '14820900305332', 50);
insert into ORDER_PRODUCT (order_id, product_id, qty) values (5, '11303858962092', 32);
insert into ORDER_PRODUCT (order_id, product_id, qty) values (136, '38335564896607', 52);
insert into ORDER_PRODUCT (order_id, product_id, qty) values (185, '68817563584460', 75);
insert into ORDER_PRODUCT (order_id, product_id, qty) values (115, '92525737466243', 4);
insert into ORDER_PRODUCT (order_id, product_id, qty) values (147, '33451791965451', 70);
insert into ORDER_PRODUCT (order_id, product_id, qty) values (69, '70844315257625', 99);
insert into ORDER_PRODUCT (order_id, product_id, qty) values (56, '66388230045674', 44);
insert into ORDER_PRODUCT (order_id, product_id, qty) values (7, '16410955805772', 56);
insert into ORDER_PRODUCT (order_id, product_id, qty) values (83, '67400604822574', 34);
insert into ORDER_PRODUCT (order_id, product_id, qty) values (51, '94977968488482', 16);
insert into ORDER_PRODUCT (order_id, product_id, qty) values (150, '38335564896607', 48);
insert into ORDER_PRODUCT (order_id, product_id, qty) values (69, '48420213557415', 82);
insert into ORDER_PRODUCT (order_id, product_id, qty) values (89, '03247346557931', 77);
insert into ORDER_PRODUCT (order_id, product_id, qty) values (144, '35548923204003', 70);
insert into ORDER_PRODUCT (order_id, product_id, qty) values (82, '37274738561607', 55);
insert into ORDER_PRODUCT (order_id, product_id, qty) values (14, '31989202157486', 88);
insert into ORDER_PRODUCT (order_id, product_id, qty) values (61, '23728487557003', 94);
insert into ORDER_PRODUCT (order_id, product_id, qty) values (192, '63971085297384', 14);
insert into ORDER_PRODUCT (order_id, product_id, qty) values (10, '43017305243021', 39);
insert into ORDER_PRODUCT (order_id, product_id, qty) values (94, '53864786141336', 15);
insert into ORDER_PRODUCT (order_id, product_id, qty) values (198, '52868796449594', 24);
insert into ORDER_PRODUCT (order_id, product_id, qty) values (11, '30070132009042', 29);
insert into ORDER_PRODUCT (order_id, product_id, qty) values (153, '41700385107281', 96);
insert into ORDER_PRODUCT (order_id, product_id, qty) values (181, '35047281436013', 81);
insert into ORDER_PRODUCT (order_id, product_id, qty) values (86, '45572342462578', 70);
insert into ORDER_PRODUCT (order_id, product_id, qty) values (92, '24258006346774', 66);
insert into ORDER_PRODUCT (order_id, product_id, qty) values (92, '54635648824303', 91);
insert into ORDER_PRODUCT (order_id, product_id, qty) values (91, '26150713223031', 36);
insert into ORDER_PRODUCT (order_id, product_id, qty) values (166, '90989648341345', 20);
insert into ORDER_PRODUCT (order_id, product_id, qty) values (115, '14921474647191', 98);
insert into ORDER_PRODUCT (order_id, product_id, qty) values (12, '30511247908805', 33);
insert into ORDER_PRODUCT (order_id, product_id, qty) values (107, '11764236494677', 73);
insert into ORDER_PRODUCT (order_id, product_id, qty) values (139, '47172866395781', 59);
insert into ORDER_PRODUCT (order_id, product_id, qty) values (106, '20076338969877', 5);
insert into ORDER_PRODUCT (order_id, product_id, qty) values (143, '69444443533451', 86);
insert into ORDER_PRODUCT (order_id, product_id, qty) values (173, '58605395335577', 18);
insert into ORDER_PRODUCT (order_id, product_id, qty) values (68, '60392909210750', 5);
insert into ORDER_PRODUCT (order_id, product_id, qty) values (105, '72887000452502', 9);
insert into ORDER_PRODUCT (order_id, product_id, qty) values (139, '61102968733333', 10);
insert into ORDER_PRODUCT (order_id, product_id, qty) values (164, '53016461181349', 9);
insert into ORDER_PRODUCT (order_id, product_id, qty) values (38, '74791636796733', 38);
insert into ORDER_PRODUCT (order_id, product_id, qty) values (160, '72047113252879', 44);
insert into ORDER_PRODUCT (order_id, product_id, qty) values (174, '06176991958785', 99);
insert into ORDER_PRODUCT (order_id, product_id, qty) values (172, '22360632089468', 39);
insert into ORDER_PRODUCT (order_id, product_id, qty) values (15, '93215669672857', 70);
insert into ORDER_PRODUCT (order_id, product_id, qty) values (59, '42831603789972', 23);
insert into ORDER_PRODUCT (order_id, product_id, qty) values (60, '03551695800949', 51);
insert into ORDER_PRODUCT (order_id, product_id, qty) values (66, '14801976722708', 92);
insert into ORDER_PRODUCT (order_id, product_id, qty) values (57, '39447598302538', 15);
insert into ORDER_PRODUCT (order_id, product_id, qty) values (147, '20605577847315', 82);
insert into ORDER_PRODUCT (order_id, product_id, qty) values (66, '16389620141974', 31);
insert into ORDER_PRODUCT (order_id, product_id, qty) values (161, '10338897053648', 19);
insert into ORDER_PRODUCT (order_id, product_id, qty) values (13, '66228778848077', 43);
insert into ORDER_PRODUCT (order_id, product_id, qty) values (30, '53867065983674', 72);
insert into ORDER_PRODUCT (order_id, product_id, qty) values (81, '69020380518665', 58);
insert into ORDER_PRODUCT (order_id, product_id, qty) values (10, '90956154487660', 36);
insert into ORDER_PRODUCT (order_id, product_id, qty) values (155, '74047911904563', 3);
insert into ORDER_PRODUCT (order_id, product_id, qty) values (144, '20202407079686', 79);
insert into ORDER_PRODUCT (order_id, product_id, qty) values (145, '05270248735309', 8);
insert into ORDER_PRODUCT (order_id, product_id, qty) values (196, '18409608285540', 83);
insert into ORDER_PRODUCT (order_id, product_id, qty) values (136, '64465385447085', 43);
insert into ORDER_PRODUCT (order_id, product_id, qty) values (40, '98557002641289', 51);
insert into ORDER_PRODUCT (order_id, product_id, qty) values (188, '02719636336018', 78);
insert into ORDER_PRODUCT (order_id, product_id, qty) values (66, '16309976002069', 18);
insert into ORDER_PRODUCT (order_id, product_id, qty) values (115, '37100631454858', 79);
insert into ORDER_PRODUCT (order_id, product_id, qty) values (169, '05345817298429', 74);
insert into ORDER_PRODUCT (order_id, product_id, qty) values (93, '14637753059135', 64);
insert into ORDER_PRODUCT (order_id, product_id, qty) values (147, '71346188208087', 82);
insert into ORDER_PRODUCT (order_id, product_id, qty) values (131, '13248944594569', 76);
insert into ORDER_PRODUCT (order_id, product_id, qty) values (140, '57706101333927', 26);
insert into ORDER_PRODUCT (order_id, product_id, qty) values (89, '16281675320880', 82);
insert into ORDER_PRODUCT (order_id, product_id, qty) values (50, '19315686951956', 6);
insert into ORDER_PRODUCT (order_id, product_id, qty) values (92, '35826441826296', 81);
insert into ORDER_PRODUCT (order_id, product_id, qty) values (59, '06943548640583', 47);
insert into ORDER_PRODUCT (order_id, product_id, qty) values (48, '60298480277259', 82);
insert into ORDER_PRODUCT (order_id, product_id, qty) values (79, '53374824037857', 50);
insert into ORDER_PRODUCT (order_id, product_id, qty) values (74, '83443277929478', 22);
insert into ORDER_PRODUCT (order_id, product_id, qty) values (186, '42140810828527', 30);
insert into ORDER_PRODUCT (order_id, product_id, qty) values (194, '16281675320880', 88);
insert into ORDER_PRODUCT (order_id, product_id, qty) values (111, '11764236494677', 9);
insert into ORDER_PRODUCT (order_id, product_id, qty) values (31, '66603786707404', 55);
insert into ORDER_PRODUCT (order_id, product_id, qty) values (109, '24560080571056', 78);
insert into ORDER_PRODUCT (order_id, product_id, qty) values (122, '55587178262598', 4);
insert into ORDER_PRODUCT (order_id, product_id, qty) values (122, '31837900485240', 66);
insert into ORDER_PRODUCT (order_id, product_id, qty) values (6, '26285705734347', 4);
insert into ORDER_PRODUCT (order_id, product_id, qty) values (43, '65310807776866', 84);
insert into ORDER_PRODUCT (order_id, product_id, qty) values (4, '60288057930908', 5);
insert into ORDER_PRODUCT (order_id, product_id, qty) values (168, '17108980550892', 63);
insert into ORDER_PRODUCT (order_id, product_id, qty) values (12, '23324550823754', 92);
insert into ORDER_PRODUCT (order_id, product_id, qty) values (111, '17139815792818', 3);
insert into ORDER_PRODUCT (order_id, product_id, qty) values (43, '20076338969877', 44);
insert into ORDER_PRODUCT (order_id, product_id, qty) values (16, '69781618668892', 75);
insert into ORDER_PRODUCT (order_id, product_id, qty) values (101, '85271139090608', 52);
insert into ORDER_PRODUCT (order_id, product_id, qty) values (49, '82102334162053', 73);
insert into ORDER_PRODUCT (order_id, product_id, qty) values (42, '81877387556781', 11);
insert into ORDER_PRODUCT (order_id, product_id, qty) values (144, '49636344107471', 13);
insert into ORDER_PRODUCT (order_id, product_id, qty) values (178, '20605577847315', 22);
insert into ORDER_PRODUCT (order_id, product_id, qty) values (174, '71474868511354', 80);
insert into ORDER_PRODUCT (order_id, product_id, qty) values (65, '14820900305332', 64);
insert into ORDER_PRODUCT (order_id, product_id, qty) values (93, '07965800853102', 24);
insert into ORDER_PRODUCT (order_id, product_id, qty) values (53, '90218687350340', 98);
insert into ORDER_PRODUCT (order_id, product_id, qty) values (43, '94912823231631', 40);
insert into ORDER_PRODUCT (order_id, product_id, qty) values (159, '23105283511362', 93);
insert into ORDER_PRODUCT (order_id, product_id, qty) values (54, '09530108958705', 87);
insert into ORDER_PRODUCT (order_id, product_id, qty) values (86, '04771251257201', 73);
insert into ORDER_PRODUCT (order_id, product_id, qty) values (9, '83048713228978', 61);
insert into ORDER_PRODUCT (order_id, product_id, qty) values (175, '09298412436041', 12);
insert into ORDER_PRODUCT (order_id, product_id, qty) values (82, '98955355563905', 24);
insert into ORDER_PRODUCT (order_id, product_id, qty) values (66, '04400465302020', 100);
insert into ORDER_PRODUCT (order_id, product_id, qty) values (62, '33780956922406', 82);
insert into ORDER_PRODUCT (order_id, product_id, qty) values (11, '98173372141244', 75);
insert into ORDER_PRODUCT (order_id, product_id, qty) values (33, '09530108958705', 67);
insert into ORDER_PRODUCT (order_id, product_id, qty) values (196, '30070132009042', 88);
insert into ORDER_PRODUCT (order_id, product_id, qty) values (163, '74596792551937', 48);
insert into ORDER_PRODUCT (order_id, product_id, qty) values (122, '24560080571056', 50);
insert into ORDER_PRODUCT (order_id, product_id, qty) values (19, '41887381077586', 29);
insert into ORDER_PRODUCT (order_id, product_id, qty) values (94, '69628131400209', 97);
insert into ORDER_PRODUCT (order_id, product_id, qty) values (111, '08068277535372', 45);
insert into ORDER_PRODUCT (order_id, product_id, qty) values (3, '16281675320880', 76);
insert into ORDER_PRODUCT (order_id, product_id, qty) values (117, '22351735317653', 71);
insert into ORDER_PRODUCT (order_id, product_id, qty) values (19, '70513400751907', 93);
insert into ORDER_PRODUCT (order_id, product_id, qty) values (98, '74798914874103', 74);
insert into ORDER_PRODUCT (order_id, product_id, qty) values (181, '12484703228976', 7);
insert into ORDER_PRODUCT (order_id, product_id, qty) values (161, '80650045124309', 89);
insert into ORDER_PRODUCT (order_id, product_id, qty) values (45, '13017764501523', 1);
insert into ORDER_PRODUCT (order_id, product_id, qty) values (190, '04958187092487', 15);
insert into ORDER_PRODUCT (order_id, product_id, qty) values (41, '24925010090164', 93);
insert into ORDER_PRODUCT (order_id, product_id, qty) values (4, '59582852441232', 60);
insert into ORDER_PRODUCT (order_id, product_id, qty) values (43, '53983713924125', 88);
insert into ORDER_PRODUCT (order_id, product_id, qty) values (154, '26032983695880', 4);
insert into ORDER_PRODUCT (order_id, product_id, qty) values (161, '83659420760481', 35);
insert into ORDER_PRODUCT (order_id, product_id, qty) values (130, '88412024620840', 39);
insert into ORDER_PRODUCT (order_id, product_id, qty) values (62, '19299666869111', 46);
insert into ORDER_PRODUCT (order_id, product_id, qty) values (92, '94977968488482', 74);
insert into ORDER_PRODUCT (order_id, product_id, qty) values (172, '96827107699729', 4);
insert into ORDER_PRODUCT (order_id, product_id, qty) values (58, '37560280077592', 3);
insert into ORDER_PRODUCT (order_id, product_id, qty) values (66, '04387281455292', 51);
insert into ORDER_PRODUCT (order_id, product_id, qty) values (166, '11631259241353', 61);
insert into ORDER_PRODUCT (order_id, product_id, qty) values (28, '83464344682570', 26);
insert into ORDER_PRODUCT (order_id, product_id, qty) values (73, '73358023505898', 37);
insert into ORDER_PRODUCT (order_id, product_id, qty) values (140, '67773460825633', 30);
insert into ORDER_PRODUCT (order_id, product_id, qty) values (195, '44458957267744', 58);
insert into ORDER_PRODUCT (order_id, product_id, qty) values (21, '30021911702361', 51);
insert into ORDER_PRODUCT (order_id, product_id, qty) values (48, '66388230045674', 40);
insert into ORDER_PRODUCT (order_id, product_id, qty) values (73, '13113767186384', 78);
insert into ORDER_PRODUCT (order_id, product_id, qty) values (7, '34056903925903', 49);
insert into ORDER_PRODUCT (order_id, product_id, qty) values (181, '58605395335577', 77);
insert into ORDER_PRODUCT (order_id, product_id, qty) values (132, '48889055355812', 28);
insert into ORDER_PRODUCT (order_id, product_id, qty) values (106, '76219270747532', 56);
insert into ORDER_PRODUCT (order_id, product_id, qty) values (162, '54635648824303', 89);
insert into ORDER_PRODUCT (order_id, product_id, qty) values (122, '90071537924700', 71);
insert into ORDER_PRODUCT (order_id, product_id, qty) values (200, '37885900423264', 99);
insert into ORDER_PRODUCT (order_id, product_id, qty) values (102, '80852704490762', 1);
insert into ORDER_PRODUCT (order_id, product_id, qty) values (101, '44969396198216', 40);
insert into ORDER_PRODUCT (order_id, product_id, qty) values (12, '88027591675322', 98);
insert into ORDER_PRODUCT (order_id, product_id, qty) values (86, '54001808204935', 91);
insert into ORDER_PRODUCT (order_id, product_id, qty) values (7, '20237091885443', 72);
insert into ORDER_PRODUCT (order_id, product_id, qty) values (60, '95209653338826', 55);
insert into ORDER_PRODUCT (order_id, product_id, qty) values (145, '14820900305332', 68);
insert into ORDER_PRODUCT (order_id, product_id, qty) values (13, '18462414589885', 80);
insert into ORDER_PRODUCT (order_id, product_id, qty) values (146, '40262715971420', 49);
insert into ORDER_PRODUCT (order_id, product_id, qty) values (16, '98528042437131', 54);
insert into ORDER_PRODUCT (order_id, product_id, qty) values (67, '59560096695220', 78);
insert into ORDER_PRODUCT (order_id, product_id, qty) values (63, '75189072137421', 31);
insert into ORDER_PRODUCT (order_id, product_id, qty) values (144, '37084262312712', 17);
insert into ORDER_PRODUCT (order_id, product_id, qty) values (55, '20954169027171', 64);
insert into ORDER_PRODUCT (order_id, product_id, qty) values (26, '85805394130810', 52);
insert into ORDER_PRODUCT (order_id, product_id, qty) values (190, '53623954706035', 73);
insert into ORDER_PRODUCT (order_id, product_id, qty) values (157, '87460627043617', 42);
insert into ORDER_PRODUCT (order_id, product_id, qty) values (119, '68022790805414', 38);
insert into ORDER_PRODUCT (order_id, product_id, qty) values (82, '88683872903519', 68);
insert into ORDER_PRODUCT (order_id, product_id, qty) values (121, '64890559215698', 94);
insert into ORDER_PRODUCT (order_id, product_id, qty) values (42, '11636603794642', 45);
insert into ORDER_PRODUCT (order_id, product_id, qty) values (47, '56421809154726', 43);
insert into ORDER_PRODUCT (order_id, product_id, qty) values (195, '53016461181349', 38);
insert into ORDER_PRODUCT (order_id, product_id, qty) values (148, '05345817298429', 32);
insert into ORDER_PRODUCT (order_id, product_id, qty) values (94, '27864527066051', 50);
insert into ORDER_PRODUCT (order_id, product_id, qty) values (103, '97737367509333', 90);
insert into ORDER_PRODUCT (order_id, product_id, qty) values (50, '87751474296762', 26);
insert into ORDER_PRODUCT (order_id, product_id, qty) values (185, '52975704728303', 57);
insert into ORDER_PRODUCT (order_id, product_id, qty) values (69, '24258006346774', 93);
insert into ORDER_PRODUCT (order_id, product_id, qty) values (95, '73490170339463', 49);
insert into ORDER_PRODUCT (order_id, product_id, qty) values (128, '41113838921332', 88);
insert into ORDER_PRODUCT (order_id, product_id, qty) values (166, '51007782482794', 36);
insert into ORDER_PRODUCT (order_id, product_id, qty) values (90, '94707753495160', 50);
insert into ORDER_PRODUCT (order_id, product_id, qty) values (81, '05345817298429', 19);
insert into ORDER_PRODUCT (order_id, product_id, qty) values (19, '', 98);
insert into ORDER_PRODUCT (order_id, product_id, qty) values (5, '67773460825633', 82);
insert into ORDER_PRODUCT (order_id, product_id, qty) values (52, '20220147268959', 54);
insert into ORDER_PRODUCT (order_id, product_id, qty) values (18, '18211361590049', 78);
insert into ORDER_PRODUCT (order_id, product_id, qty) values (67, '40594219692550', 7);
insert into ORDER_PRODUCT (order_id, product_id, qty) values (104, '14646850100594', 52);
insert into ORDER_PRODUCT (order_id, product_id, qty) values (135, '94707753495160', 34);
insert into ORDER_PRODUCT (order_id, product_id, qty) values (140, '36827496413689', 72);
insert into ORDER_PRODUCT (order_id, product_id, qty) values (77, '85180571964913', 87);
insert into ORDER_PRODUCT (order_id, product_id, qty) values (47, '37214064728589', 28);
insert into ORDER_PRODUCT (order_id, product_id, qty) values (46, '02077945435357', 46);
insert into ORDER_PRODUCT (order_id, product_id, qty) values (14, '18685376359825', 17);
insert into ORDER_PRODUCT (order_id, product_id, qty) values (141, '64744087373858', 32);
insert into ORDER_PRODUCT (order_id, product_id, qty) values (129, '71527564213738', 35);
insert into ORDER_PRODUCT (order_id, product_id, qty) values (131, '60348647871597', 75);
insert into ORDER_PRODUCT (order_id, product_id, qty) values (18, '87296275711507', 80);
insert into ORDER_PRODUCT (order_id, product_id, qty) values (21, '47138133152384', 49);
insert into ORDER_PRODUCT (order_id, product_id, qty) values (66, '57706101333927', 53);
insert into ORDER_PRODUCT (order_id, product_id, qty) values (86, '49636344107471', 19);
insert into ORDER_PRODUCT (order_id, product_id, qty) values (42, '29077340971333', 95);
insert into ORDER_PRODUCT (order_id, product_id, qty) values (164, '13832538780651', 86);
insert into ORDER_PRODUCT (order_id, product_id, qty) values (30, '75140173749651', 86);
insert into ORDER_PRODUCT (order_id, product_id, qty) values (162, '73230723576811', 40);
insert into ORDER_PRODUCT (order_id, product_id, qty) values (141, '18866207611772', 3);
insert into ORDER_PRODUCT (order_id, product_id, qty) values (12, '69243801542817', 95);
insert into ORDER_PRODUCT (order_id, product_id, qty) values (44, '63220427277322', 21);
insert into ORDER_PRODUCT (order_id, product_id, qty) values (175, '12060672048012', 74);
insert into ORDER_PRODUCT (order_id, product_id, qty) values (60, '01375915992212', 55);
insert into ORDER_PRODUCT (order_id, product_id, qty) values (198, '74346247768190', 37);
insert into ORDER_PRODUCT (order_id, product_id, qty) values (189, '66228778848077', 55);
insert into ORDER_PRODUCT (order_id, product_id, qty) values (36, '34720658179569', 21);
insert into ORDER_PRODUCT (order_id, product_id, qty) values (122, '96282843720951', 9);
insert into ORDER_PRODUCT (order_id, product_id, qty) values (173, '96557973103796', 58);
insert into ORDER_PRODUCT (order_id, product_id, qty) values (80, '13999078380477', 16);
insert into ORDER_PRODUCT (order_id, product_id, qty) values (3, '31989202157486', 18);
insert into ORDER_PRODUCT (order_id, product_id, qty) values (161, '68903376522647', 85);
insert into ORDER_PRODUCT (order_id, product_id, qty) values (151, '45572342462578', 40);
insert into ORDER_PRODUCT (order_id, product_id, qty) values (75, '53762087038747', 50);
insert into ORDER_PRODUCT (order_id, product_id, qty) values (53, '91918328448615', 40);
insert into ORDER_PRODUCT (order_id, product_id, qty) values (165, '81652036932134', 11);
insert into ORDER_PRODUCT (order_id, product_id, qty) values (64, '57099074269061', 8);
insert into ORDER_PRODUCT (order_id, product_id, qty) values (38, '29818477282222', 81);
insert into ORDER_PRODUCT (order_id, product_id, qty) values (61, '69911753012953', 31);
insert into ORDER_PRODUCT (order_id, product_id, qty) values (108, '83329109879111', 26);
insert into ORDER_PRODUCT (order_id, product_id, qty) values (6, '61015331394869', 71);
insert into ORDER_PRODUCT (order_id, product_id, qty) values (162, '46353128351856', 30);
insert into ORDER_PRODUCT (order_id, product_id, qty) values (77, '77145590367796', 85);
insert into ORDER_PRODUCT (order_id, product_id, qty) values (110, '12337436417574', 5);
insert into ORDER_PRODUCT (order_id, product_id, qty) values (45, '34056903925903', 3);
insert into ORDER_PRODUCT (order_id, product_id, qty) values (99, '20220147268959', 45);
insert into ORDER_PRODUCT (order_id, product_id, qty) values (117, '04657337009608', 73);
insert into ORDER_PRODUCT (order_id, product_id, qty) values (90, '77763078430678', 84);
insert into ORDER_PRODUCT (order_id, product_id, qty) values (107, '69734623040375', 66);
insert into ORDER_PRODUCT (order_id, product_id, qty) values (177, '40594219692550', 83);
insert into ORDER_PRODUCT (order_id, product_id, qty) values (16, '43998820233513', 67);
insert into ORDER_PRODUCT (order_id, product_id, qty) values (8, '04771251257201', 25);
insert into ORDER_PRODUCT (order_id, product_id, qty) values (98, '25299811321804', 4);
insert into ORDER_PRODUCT (order_id, product_id, qty) values (187, '48570821592883', 10);
insert into ORDER_PRODUCT (order_id, product_id, qty) values (116, '27891796966804', 40);
insert into ORDER_PRODUCT (order_id, product_id, qty) values (138, '08725069892983', 96);
insert into ORDER_PRODUCT (order_id, product_id, qty) values (116, '41113838921332', 54);
insert into ORDER_PRODUCT (order_id, product_id, qty) values (86, '73785316236613', 94);
insert into ORDER_PRODUCT (order_id, product_id, qty) values (173, '10338897053648', 46);
insert into ORDER_PRODUCT (order_id, product_id, qty) values (105, '69487692661374', 15);
insert into ORDER_PRODUCT (order_id, product_id, qty) values (194, '69781618668892', 73);
insert into ORDER_PRODUCT (order_id, product_id, qty) values (98, '00334444675864', 31);
insert into ORDER_PRODUCT (order_id, product_id, qty) values (73, '88335019990476', 49);
insert into ORDER_PRODUCT (order_id, product_id, qty) values (17, '43015609440914', 78);
insert into ORDER_PRODUCT (order_id, product_id, qty) values (29, '17330222646347', 78);
insert into ORDER_PRODUCT (order_id, product_id, qty) values (72, '69444443533451', 31);
insert into ORDER_PRODUCT (order_id, product_id, qty) values (78, '42523984162291', 64);
insert into ORDER_PRODUCT (order_id, product_id, qty) values (85, '03224172110551', 76);
insert into ORDER_PRODUCT (order_id, product_id, qty) values (167, '25451814310907', 38);
insert into ORDER_PRODUCT (order_id, product_id, qty) values (103, '17065887695309', 62);
insert into ORDER_PRODUCT (order_id, product_id, qty) values (103, '60202039805582', 92);
insert into ORDER_PRODUCT (order_id, product_id, qty) values (153, '42496593799169', 31);
insert into ORDER_PRODUCT (order_id, product_id, qty) values (163, '60749123756562', 74);
insert into ORDER_PRODUCT (order_id, product_id, qty) values (172, '54604650666862', 73);
insert into ORDER_PRODUCT (order_id, product_id, qty) values (80, '98527846983818', 84);
insert into ORDER_PRODUCT (order_id, product_id, qty) values (84, '74791636796733', 33);
insert into ORDER_PRODUCT (order_id, product_id, qty) values (149, '39447598302538', 4);
insert into ORDER_PRODUCT (order_id, product_id, qty) values (180, '66598233281493', 47);
insert into ORDER_PRODUCT (order_id, product_id, qty) values (5, '17837262188238', 56);
insert into ORDER_PRODUCT (order_id, product_id, qty) values (20, '70513400751907', 65);
insert into ORDER_PRODUCT (order_id, product_id, qty) values (34, '20202407079686', 99);
insert into ORDER_PRODUCT (order_id, product_id, qty) values (90, '61015331394869', 88);
insert into ORDER_PRODUCT (order_id, product_id, qty) values (106, '18211361590049', 59);
insert into ORDER_PRODUCT (order_id, product_id, qty) values (1, '04822289334134', 59);
insert into ORDER_PRODUCT (order_id, product_id, qty) values (183, '74346247768190', 18);
insert into ORDER_PRODUCT (order_id, product_id, qty) values (166, '96910254559023', 42);
insert into ORDER_PRODUCT (order_id, product_id, qty) values (79, '24370142071764', 80);
insert into ORDER_PRODUCT (order_id, product_id, qty) values (142, '00334444675864', 38);
insert into ORDER_PRODUCT (order_id, product_id, qty) values (170, '36061098950135', 73);
insert into ORDER_PRODUCT (order_id, product_id, qty) values (32, '62265176655058', 34);
insert into ORDER_PRODUCT (order_id, product_id, qty) values (72, '14190969655488', 28);
insert into ORDER_PRODUCT (order_id, product_id, qty) values (150, '74346247768190', 12);
insert into ORDER_PRODUCT (order_id, product_id, qty) values (131, '59560096695220', 2);
insert into ORDER_PRODUCT (order_id, product_id, qty) values (130, '14072719932056', 39);
insert into ORDER_PRODUCT (order_id, product_id, qty) values (95, '16389620141974', 21);
insert into ORDER_PRODUCT (order_id, product_id, qty) values (165, '87599517404839', 22);
insert into ORDER_PRODUCT (order_id, product_id, qty) values (63, '24370142071764', 14);
insert into ORDER_PRODUCT (order_id, product_id, qty) values (159, '40781732550483', 15);
insert into ORDER_PRODUCT (order_id, product_id, qty) values (140, '43028605075228', 100);
insert into ORDER_PRODUCT (order_id, product_id, qty) values (48, '99242101316084', 79);
insert into ORDER_PRODUCT (order_id, product_id, qty) values (43, '63220427277322', 17);
insert into ORDER_PRODUCT (order_id, product_id, qty) values (84, '60749123756562', 38);
insert into ORDER_PRODUCT (order_id, product_id, qty) values (24, '24156702296196', 9);
insert into ORDER_PRODUCT (order_id, product_id, qty) values (58, '20506784808340', 92);
insert into ORDER_PRODUCT (order_id, product_id, qty) values (28, '70844315257625', 93);
insert into ORDER_PRODUCT (order_id, product_id, qty) values (4, '73490170339463', 12);
insert into ORDER_PRODUCT (order_id, product_id, qty) values (35, '83666464083074', 31);
insert into ORDER_PRODUCT (order_id, product_id, qty) values (176, '04558501830967', 6);
insert into ORDER_PRODUCT (order_id, product_id, qty) values (173, '25206317901410', 68);
insert into ORDER_PRODUCT (order_id, product_id, qty) values (187, '43108380615164', 65);
insert into ORDER_PRODUCT (order_id, product_id, qty) values (89, '45046024810091', 80);
insert into ORDER_PRODUCT (order_id, product_id, qty) values (10, '11634605630609', 33);
insert into ORDER_PRODUCT (order_id, product_id, qty) values (94, '22808485554253', 21);
insert into ORDER_PRODUCT (order_id, product_id, qty) values (118, '79807650804109', 30);
insert into ORDER_PRODUCT (order_id, product_id, qty) values (183, '26630453284600', 77);
insert into ORDER_PRODUCT (order_id, product_id, qty) values (126, '53864786141336', 11);
insert into ORDER_PRODUCT (order_id, product_id, qty) values (38, '36480688376637', 74);
insert into ORDER_PRODUCT (order_id, product_id, qty) values (14, '46695359449078', 3);
insert into ORDER_PRODUCT (order_id, product_id, qty) values (139, '02629372807294', 74);
insert into ORDER_PRODUCT (order_id, product_id, qty) values (47, '25909171469222', 4);
insert into ORDER_PRODUCT (order_id, product_id, qty) values (119, '40529618593304', 55);
insert into ORDER_PRODUCT (order_id, product_id, qty) values (162, '42523984162291', 88);
insert into ORDER_PRODUCT (order_id, product_id, qty) values (111, '56681437701095', 42);
insert into ORDER_PRODUCT (order_id, product_id, qty) values (171, '97390061122945', 84);
insert into ORDER_PRODUCT (order_id, product_id, qty) values (185, '77145590367796', 12);
insert into ORDER_PRODUCT (order_id, product_id, qty) values (121, '16925990499358', 77);
insert into ORDER_PRODUCT (order_id, product_id, qty) values (10, '83457363981478', 29);
insert into ORDER_PRODUCT (order_id, product_id, qty) values (72, '23324550823754', 2);
insert into ORDER_PRODUCT (order_id, product_id, qty) values (94, '42523984162291', 46);
insert into ORDER_PRODUCT (order_id, product_id, qty) values (195, '49636344107471', 39);
insert into ORDER_PRODUCT (order_id, product_id, qty) values (48, '90218687350340', 56);
insert into ORDER_PRODUCT (order_id, product_id, qty) values (165, '06884315843463', 65);
insert into ORDER_PRODUCT (order_id, product_id, qty) values (81, '33207195561099', 86);
